height,weight,age
70,175,77
71,194,31
67,170,45
70,180,44
69,186,46
69,168,62
66,185,21
70,170,69
69,170,23
73,185,79
67,156,47
71,185,76
75,200,43
73,160,43
67,165,30
74,185,63
67,166,74
71,180,41
71,182,36
68,185,67
69,190,65
68,175,59
61,141,63
72,170,30
68,150,43
69,172,58
72,186,50
73,250,36
74,164,80
68,155,37
71,190,45
72,217,30
71,215,27
63,190,31
67,215,42
62,136,42
74,210,51
68,180,38
63,120,30
74,225,49
74,200,42
71,265,46
67,137,80
74,175,22
71,230,32
74,180,58
68,142,25
71,175,87
72,180,45
66,140,24
70,193,61
69,211,63
71,220,24
70,210,30
69,160,31
66,163,33
73,207,65
72,190,50
70,170,23
67,280,22
70,185,45
68,160,33
70,190,40
73,205,52
72,200,37
71,185,58
77,280,45
70,180,38
68,250,44
70,172,66
69,215,53
69,138,26
69,185,76
74,220,45
66,150,46
68,172,46
70,187,42
72,205,39
70,180,50
74,165,41
73,204,60
69,195,36
69,187,65
77,225,24
68,180,46
71,180,24
76,215,23
68,151,24
70,210,50
70,235,56
73,220,65
69,185,44
70,183,39
74,212,27
78,205,26
70,170,34
70,155,34
72,222,36
70,200,43
71,210,37
74,200,50
69,155,45
68,180,71
70,165,22
71,180,75
69,165,27
72,210,38
62,200,40
65,142,79
70,185,39
66,152,30
70,225,36
68,207,74
71,212,63
64,160,65
74,165,25
73,200,27
70,212,43
70,178,70
66,132,60
72,255,56
71,185,20
76,198,44
74,185,47
75,220,43
71,160,77
70,165,48
71,270,35
68,220,50
67,175,27
71,206,26
76,330,38
72,200,76
72,230,62
71,180,54
68,180,75
71,205,52
73,163,32
67,250,43
67,295,39
72,185,19
63,105,19
67,168,35
72,225,20
71,185,18
73,200,30
55,90,18
72,145,24
66,145,61
75,220,49
68,300,49
67,180,38
70,225,69
66,153,49
70,180,38
74,240,69
68,195,71
71,150,59
70,195,35
72,250,46
72,170,26
68,175,22
66,155,32
74,170,32
72,150,62
68,200,64
69,155,56
67,160,48
68,165,40
73,180,77
70,180,42
69,173,45
68,165,24
72,175,25
67,290,37
70,155,20
68,115,18
73,190,55
68,160,36
67,163,63
65,160,40
70,208,70
72,133,32
74,205,39
70,185,40
72,200,81
76,200,27
71,175,25
70,182,74
66,155,67
73,178,73
72,200,45
66,280,31
75,220,18
70,150,37
72,190,50
69,187,29
69,220,46
74,180,24
71,215,52
68,146,36
73,190,34
68,180,85
71,190,35
66,155,30
73,195,37
72,160,21
66,150,54
71,190,30
72,210,60
73,196,19
71,160,60
67,210,78
68,185,34
74,238,36
60,220,49
70,185,43
71,240,70
72,180,37
72,218,30
74,202,20
71,180,67
73,230,20
73,180,83
74,190,34
70,132,41
73,240,57
72,230,25
72,200,18
62,195,27
70,210,63
67,165,22
68,157,36
74,185,31
67,186,74
72,150,24
76,253,19
72,170,45
68,171,71
69,175,42
70,180,70
74,182,82
67,149,68
72,180,55
66,185,77
74,174,25
76,285,25
68,150,24
69,210,45
68,185,34
62,144,65
73,179,42
68,135,67
72,220,31
74,185,31
69,250,58
70,165,30
68,182,52
67,168,48
70,185,21
68,170,19
72,160,74
73,155,35
66,208,75
63,150,66
71,235,45
69,220,78
71,190,34
70,141,69
70,175,44
72,160,24
64,120,23
70,180,45
70,195,31
69,192,70
70,185,35
78,242,44
72,170,70
70,180,36
70,165,36
74,165,29
71,170,69
71,165,46
64,150,47
70,195,38
73,165,81
72,235,36
72,185,32
74,215,40
68,180,36
70,180,25
72,280,65
75,180,42
64,155,75
70,200,37
71,185,52
73,230,41
72,148,64
74,201,52
69,170,24
67,155,74
72,165,21
68,230,33
72,198,33
69,196,46
66,154,36
68,162,27
63,150,43
68,155,24
66,198,48
65,180,38
72,200,50
70,170,51
61,130,57
67,135,18
72,215,41
69,170,62
68,180,42
67,168,30
68,180,56
69,175,21
73,205,44
71,185,30
72,248,71
70,170,42
75,245,34
71,145,25
72,275,38
72,185,69
69,170,69
66,152,51
65,138,45
77,208,21
70,185,76
72,220,33
67,140,22
65,135,19
65,190,35
71,165,45
68,200,65
70,190,43
67,140,42
69,167,28
76,170,43
68,198,63
74,173,22
72,150,29
67,198,30
72,135,33
72,185,60
71,150,30
71,165,55
69,190,64
68,150,40
69,150,35
72,250,49
68,210,20
70,180,40
72,215,21
71,190,63
71,170,20
65,200,34
72,180,53
68,165,44
69,380,35
76,255,48
70,190,32
74,210,48
71,175,73
66,172,38
72,175,28
65,160,43
64,145,34
66,130,51
69,172,36
79,280,34
70,157,46
68,210,49
66,162,24
70,177,60
72,175,34
68,130,44
68,165,46
69,170,37
70,182,68
70,230,22
63,165,61
76,248,43
68,202,25
73,190,41
72,200,31
78,200,38
72,210,55
68,165,28
72,240,25
68,140,86
69,160,31
69,180,37
65,170,26
69,220,71
72,210,61
80,400,48
79,220,66
70,205,36
70,180,60
72,200,25
72,145,85
74,235,22
67,200,54
68,160,27
73,180,58
72,160,21
71,190,48
70,170,71
71,260,54
73,190,24
66,250,29
73,270,64
70,178,46
69,150,26
76,180,42
70,175,56
74,165,36
70,197,69
72,234,64
72,270,38
70,195,45
70,198,47
67,180,56
73,160,21
72,255,28
72,180,48
71,200,73
69,154,73
65,300,52
72,198,80
69,190,32
70,185,28
68,165,21
70,160,40
74,195,67
69,168,76
69,180,50
66,150,26
68,170,31
74,175,58
71,205,27
65,172,57
68,235,32
72,230,34
75,195,28
69,168,57
73,230,52
73,185,38
68,203,45
67,174,54
72,155,44
76,295,29
70,260,52
72,165,39
69,180,46
72,225,46
65,160,49
74,260,22
63,136,78
77,230,40
69,168,44
65,159,70
69,180,42
70,170,37
66,155,42
70,165,30
70,170,45
70,185,82
68,180,55
71,215,31
66,130,42
70,165,59
69,220,33
68,180,21
67,138,41
70,185,38
68,220,65
69,150,26
72,200,40
63,117,39
70,208,37
67,180,36
69,165,28
73,180,33
66,158,26
68,175,33
68,218,34
74,212,21
69,160,47
69,178,41
66,185,69
68,157,67
72,155,65
69,148,31
73,160,20
71,240,43
74,210,42
73,210,67
70,200,55
73,164,24
69,230,50
67,200,80
69,180,43
69,192,58
71,215,35
70,154,31
72,197,81
69,151,56
75,188,24
77,260,45
61,150,27
65,150,78
72,170,27
67,180,80
66,165,57
71,205,46
68,190,31
69,170,20
65,105,63
69,190,32
72,235,50
70,175,53
74,265,28
65,170,23
73,180,75
72,177,22
67,170,30
67,150,26
68,165,28
72,220,50
75,210,52
68,150,83
69,300,33
67,135,50
74,184,42
75,300,40
71,200,39
72,178,25
66,175,78
73,220,52
72,190,41
70,170,51
72,160,73
67,176,52
76,160,31
73,197,18
70,200,74
71,180,56
70,180,52
71,230,67
72,135,18
68,340,34
70,189,47
76,220,27
66,145,41
71,191,31
68,180,40
69,140,32
70,215,55
68,150,22
69,190,33
73,270,50
70,160,26
70,155,21
69,138,42
71,175,43
71,178,24
71,170,57
69,200,42
71,200,50
68,165,33
74,280,36
67,158,59
71,172,67
74,135,22
70,225,55
73,185,28
70,180,21
70,173,48
69,178,56
74,185,40
68,200,54
69,153,63
73,290,42
72,195,45
72,220,41
70,195,23
70,215,40
64,135,31
74,220,40
67,117,50
70,180,62
68,165,22
71,192,67
72,180,69
70,160,50
67,175,35
77,235,49
75,400,34
66,240,64
67,150,41
73,210,49
66,128,63
66,168,32
72,185,58
74,230,23
72,270,43
67,170,60
72,197,67
69,165,52
75,225,33
72,250,51
74,195,32
72,225,63
66,240,66
71,144,25
67,160,68
69,200,38
74,175,18
73,190,41
70,195,54
69,165,32
72,165,44
75,210,32
72,178,64
67,150,62
66,160,31
77,180,23
70,175,50
75,170,51
64,138,22
75,220,27
67,209,58
72,180,39
69,200,40
76,280,40
77,215,48
77,310,46
71,170,81
66,162,59
69,204,52
72,155,31
73,190,27
65,127,71
72,210,66
69,210,70
73,180,19
75,212,47
76,240,50
73,170,27
75,218,38
67,160,22
66,170,41
72,300,42
73,205,52
66,135,25
62,160,40
68,155,24
72,175,21
67,135,27
68,150,32
68,135,32
72,270,39
70,204,35
67,185,30
67,170,38
70,150,69
72,210,51
66,150,73
67,182,34
66,160,35
70,225,36
72,185,24
73,185,22
70,200,29
67,150,68
76,215,31
68,195,64
74,225,36
71,155,79
69,145,75
69,199,27
72,202,43
68,160,26
71,180,32
71,175,31
73,185,41
68,184,37
71,178,48
71,185,37
72,215,74
69,165,90
74,180,74
65,170,64
65,175,75
65,203,37
71,200,35
71,210,42
68,225,25
70,230,43
74,200,22
69,145,19
69,148,25
67,165,69
75,220,50
72,185,63
71,192,46
73,270,48
68,195,42
69,175,72
65,170,25
68,146,47
72,187,28
72,210,53
66,180,45
75,200,44
66,140,75
67,225,72
71,160,71
69,270,24
70,168,36
72,170,31
65,145,33
72,215,36
72,145,49
69,215,53
68,160,32
69,145,67
75,204,68
62,158,70
72,210,30
72,220,47
73,160,19
66,135,25
74,205,44
70,190,54
71,180,27
72,170,19
72,195,28
68,175,40
71,160,34
70,175,43
73,192,45
69,140,19
71,220,40
66,170,29
73,143,62
72,274,65
72,150,19
72,200,77
76,195,52
75,195,20
65,144,45
64,195,46
74,185,18
68,165,34
77,280,39
68,124,18
73,230,62
63,150,31
70,164,41
75,200,38
67,192,62
73,205,43
70,186,52
71,198,63
66,185,27
69,170,59
71,168,42
70,150,30
77,364,35
67,170,57
66,168,36
72,250,40
73,196,24
72,212,44
64,176,25
70,190,22
66,150,34
67,185,78
72,184,50
70,145,54
69,185,63
75,190,63
77,236,18
67,150,85
67,160,70
69,132,78
72,190,43
71,165,38
70,160,29
72,175,77
71,210,35
69,160,20
71,210,43
68,172,33
77,260,52
69,160,25
70,200,40
72,190,72
67,174,25
70,185,25
70,215,45
68,170,74
73,190,50
67,225,40
70,170,34
76,290,32
68,170,84
68,165,37
69,150,26
69,175,56
71,170,58
69,185,45
67,157,44
71,185,34
69,137,22
71,194,38
73,260,55
71,157,49
69,186,33
72,180,22
69,174,61
71,155,39
76,240,51
69,162,29
72,267,55
69,170,32
63,183,52
73,205,30
74,235,44
68,140,20
70,195,41
66,165,68
71,220,37
74,235,30
75,225,36
74,180,18
68,150,44
70,170,25
68,172,63
69,173,45
74,208,65
72,195,28
71,185,50
71,165,21
72,212,69
63,220,62
72,200,44
68,200,75
68,172,42
69,190,54
68,171,56
75,260,35
74,253,51
74,210,32
70,160,25
70,200,77
70,187,35
69,190,83
72,160,49
74,150,21
72,190,29
67,160,52
71,172,83
71,180,34
72,175,65
73,185,38
64,175,60
76,235,62
72,200,35
69,195,22
71,235,52
63,170,64
70,178,44
71,200,44
69,153,51
68,240,80
72,362,45
67,180,41
70,250,25
68,220,76
68,128,78
67,170,35
69,190,50
77,173,25
70,175,38
76,230,31
70,145,20
72,250,41
68,210,50
66,145,82
70,165,46
65,155,37
71,199,83
69,185,22
70,170,76
74,203,64
71,160,47
72,190,38
69,167,27
67,161,79
76,210,44
74,155,22
72,215,46
65,150,35
69,190,59
71,275,38
73,215,60
73,176,81
71,170,77
69,142,66
70,185,48
69,265,34
73,170,32
70,220,23
72,225,31
67,185,49
69,135,23
74,185,43
71,135,33
68,220,23
70,192,51
75,170,32
72,172,62
70,220,36
73,200,47
70,190,36
70,153,59
67,172,81
71,220,34
72,190,26
63,140,20
72,185,18
70,192,47
73,170,33
73,176,78
75,188,76
68,180,42
66,169,70
69,216,47
73,217,53
63,135,40
69,180,34
70,165,35
74,210,43
69,199,67
73,190,36
71,195,38
70,185,31
66,160,28
67,203,35
71,155,29
75,235,43
74,500,45
70,145,44
66,165,48
72,240,63
70,220,44
68,130,75
69,165,78
74,195,18
71,225,42
81,190,21
71,213,46
72,225,33
72,240,22
71,200,77
69,177,78
73,210,20
71,185,49
67,130,78
69,185,28
68,175,49
72,250,22
74,183,42
69,190,40
75,236,56
72,170,24
71,165,45
73,180,38
73,210,28
71,185,48
62,165,88
70,165,78
69,245,45
68,210,40
73,165,32
73,180,48
72,155,26
69,220,28
67,205,47
70,190,59
71,170,31
70,190,70
66,130,70
72,225,57
72,230,62
68,140,25
72,200,46
73,173,42
70,178,27
77,228,35
74,185,28
73,230,47
70,155,79
71,165,62
67,185,43
63,195,57
76,155,60
69,165,34
74,215,42
66,160,46
72,155,54
65,220,30
71,230,46
65,160,37
63,170,54
70,140,24
75,210,25
74,184,37
67,200,49
71,188,30
72,190,38
74,210,31
72,175,21
67,131,47
70,170,33
74,193,36
65,120,27
71,170,29
71,175,47
69,260,54
70,160,40
69,180,53
69,199,36
68,260,67
69,220,55
70,165,29
70,160,38
73,212,41
67,150,28
73,220,42
68,280,57
72,135,19
73,275,44
75,227,21
75,350,38
72,185,50
75,250,37
73,155,49
74,135,23
75,200,43
69,210,57
70,190,45
69,182,57
70,205,43
72,160,82
65,190,55
72,227,43
67,160,61
69,205,43
71,173,66
72,220,24
70,180,28
68,220,65
64,185,80
72,200,49
71,210,44
69,180,73
66,140,36
69,173,40
70,185,35
73,190,26
69,161,55
73,215,32
73,228,25
73,160,26
74,240,24
71,173,75
68,170,76
78,350,36
66,145,19
67,150,48
71,225,55
73,190,53
72,285,27
71,145,18
69,150,20
69,160,50
66,150,43
61,130,21
72,250,65
68,195,35
70,185,76
69,200,39
74,110,35
73,206,54
72,180,43
69,160,34
70,230,26
76,220,45
66,177,27
67,162,78
72,198,54
67,170,71
68,200,25
71,190,58
70,223,61
68,220,54
72,175,74
67,180,47
68,210,52
69,200,24
72,195,34
69,200,19
71,210,46
69,175,67
70,330,32
69,215,54
70,150,49
74,200,34
69,200,53
68,165,59
68,167,47
69,172,63
67,150,32
69,190,55
69,175,23
70,260,29
70,308,59
65,145,40
63,160,63
66,158,69
67,142,27
69,195,71
68,225,45
69,165,47
72,200,23
69,150,28
70,150,20
69,160,53
73,200,36
69,165,22
72,200,28
65,142,59
74,222,42
71,190,53
65,160,26
71,185,53
65,152,30
72,170,57
76,205,21
74,180,33
74,230,47
72,215,39
64,175,76
68,190,64
66,155,18
73,175,62
71,220,50
66,175,76
73,230,42
66,135,34
72,260,43
70,162,77
74,165,20
73,190,85
68,208,66
72,200,46
69,215,72
76,235,29
72,200,50
62,185,24
74,225,29
68,162,31
72,185,32
71,190,50
70,260,51
72,210,71
66,172,54
71,230,43
72,250,34
72,195,40
75,205,76
69,165,67
73,300,36
74,265,20
64,172,36
71,206,75
72,160,20
72,195,35
71,190,36
67,147,47
69,174,21
67,150,66
76,225,21
69,180,41
72,175,19
74,210,19
68,160,26
70,150,60
63,135,42
75,210,19
73,195,39
68,160,41
75,208,70
74,225,55
70,180,19
67,160,26
66,170,28
69,160,37
77,245,52
70,240,46
69,150,34
70,250,51
72,220,49
67,176,45
66,154,55
70,185,48
70,245,47
67,180,49
69,155,26
76,210,39
73,210,21
66,135,34
69,120,18
76,195,27
68,210,57
69,165,35
67,160,69
64,194,64
73,155,30
66,190,25
74,230,59
68,175,63
64,185,46
65,179,30
69,125,21
71,157,70
71,160,32
73,175,18
71,215,71
72,230,28
69,190,50
72,165,76
69,185,71
71,215,45
73,200,75
70,216,60
72,195,49
73,185,30
69,220,40
74,185,28
70,180,25
72,172,53
73,200,56
69,167,32
71,200,37
70,215,47
68,160,28
66,200,49
73,170,39
68,195,42
75,185,33
74,210,58
73,180,67
72,190,32
70,180,66
70,185,70
70,235,44
71,150,32
69,140,19
73,210,25
72,185,46
69,170,68
67,165,60
72,190,78
69,165,28
68,185,75
68,170,32
69,218,50
71,150,22
68,217,23
70,210,43
71,187,41
68,165,60
72,400,66
70,215,37
74,240,38
70,167,55
69,195,44
72,240,46
73,190,68
69,220,60
71,235,28
69,160,27
75,210,26
73,240,26
71,195,51
70,178,34
70,195,53
70,193,75
78,260,24
71,185,42
69,190,40
71,185,82
78,320,21
69,185,37
74,235,50
76,240,35
72,150,54
73,180,75
70,195,54
70,178,25
68,135,22
74,220,20
70,204,36
68,200,50
64,160,59
68,175,44
74,190,41
71,150,19
68,165,26
69,160,27
65,225,54
69,225,55
65,135,47
75,275,35
70,163,20
73,190,43
69,220,29
73,220,40
70,190,61
70,185,61
73,195,38
63,140,38
71,165,32
68,140,74
71,199,64
70,142,23
73,197,47
64,168,43
67,175,23
66,154,45
72,215,33
67,155,26
70,170,42
72,175,28
70,195,66
66,248,77
67,165,46
68,220,38
70,260,44
72,173,49
74,210,45
73,194,42
68,180,77
72,210,62
75,134,71
68,250,62
72,180,24
65,170,55
65,170,34
66,135,24
69,205,26
69,185,45
70,190,29
72,235,35
64,150,39
72,180,64
69,200,52
67,200,45
69,180,48
68,180,42
69,150,27
71,180,41
69,175,20
66,160,37
66,195,40
64,180,49
69,150,36
69,190,60
67,160,47
69,185,57
75,180,30
70,135,21
69,155,66
70,203,43
69,195,52
72,185,52
71,195,71
69,170,44
68,165,42
70,185,70
67,175,56
73,185,70
71,155,65
72,196,71
71,140,18
71,195,41
67,210,39
73,175,42
65,207,42
72,190,30
72,230,48
71,165,48
71,205,61
72,160,23
70,150,34
71,265,59
70,150,34
70,190,26
67,180,48
71,180,36
77,220,22
74,210,43
71,210,62
67,160,45
72,150,41
67,267,44
67,180,25
69,185,38
70,171,42
68,130,23
69,165,39
69,220,26
68,139,19
71,222,26
72,400,50
68,155,45
64,145,65
64,148,72
72,233,67
73,245,24
69,195,40
73,170,77
72,200,40
73,212,62
70,165,24
70,170,67
74,180,24
66,210,78
74,185,28
72,186,56
67,165,56
65,142,60
72,212,48
72,180,22
68,192,72
68,165,55
71,190,24
73,172,52
69,170,35
68,210,18
72,275,53
70,150,45
73,193,69
73,185,32
73,165,24
73,255,52
68,145,58
74,175,43
69,160,25
72,230,66
67,186,55
71,210,82
68,165,42
74,185,34
72,225,21
72,165,61
71,180,47
67,185,43
67,240,62
69,168,36
63,130,25
72,220,28
68,189,28
71,195,48
74,215,18
71,215,78
70,160,37
71,260,65
68,160,36
63,137,46
69,180,33
70,230,27
73,200,22
69,210,58
73,205,70
72,185,50
76,255,23
69,175,46
73,240,33
70,220,39
65,149,47
67,130,65
71,165,27
65,160,30
70,175,33
68,200,40
66,190,81
69,185,35
67,210,19
68,162,52
67,195,53
69,185,24
64,180,30
73,230,85
72,195,35
68,185,63
69,130,19
71,170,33
69,170,40
71,180,65
70,170,43
74,310,28
70,255,45
74,182,72
72,205,43
70,190,47
69,210,55
72,190,31
72,212,30
68,165,72
67,168,52
68,140,29
73,220,25
69,154,57
71,220,37
72,155,34
72,174,45
69,185,36
66,143,23
72,169,42
72,210,72
70,175,46
68,150,66
72,202,59
70,223,32
75,200,29
72,286,45
65,174,31
67,200,57
62,151,19
73,215,36
64,110,43
68,160,50
74,192,24
66,168,35
71,184,62
74,165,39
66,160,39
67,180,40
71,170,25
71,155,24
66,180,27
66,160,42
71,125,78
74,205,38
67,180,78
68,175,77
68,150,19
73,195,21
68,145,22
71,220,42
73,190,52
74,225,39
67,170,75
73,185,48
65,120,76
77,252,38
73,240,59
68,160,41
69,215,44
74,220,48
71,158,40
72,228,78
68,175,64
71,190,23
72,220,59
66,200,45
68,165,35
72,250,53
72,176,39
68,195,70
69,185,33
68,139,22
66,155,48
68,130,26
67,240,45
64,170,68
70,290,57
72,230,40
74,215,30
75,195,25
68,190,69
71,198,69
71,165,49
67,157,54
70,230,32
75,190,53
69,230,49
65,140,48
68,147,48
65,135,21
70,160,67
72,210,42
71,170,52
68,135,23
69,155,23
73,173,45
72,160,42
67,180,26
72,185,54
69,174,37
74,218,66
71,170,51
71,195,49
66,195,42
72,230,44
77,210,30
64,135,30
66,180,20
70,190,36
72,182,36
74,220,81
73,190,59
69,185,36
67,140,56
72,160,62
69,170,29
72,200,54
74,210,19
65,175,54
69,220,59
66,140,48
70,175,34
70,220,71
65,220,73
74,300,29
67,230,50
67,172,48
72,240,24
70,172,41
66,190,45
71,205,30
70,185,32
71,160,74
65,150,34
68,149,28
71,136,32
70,212,31
69,172,67
70,190,46
68,162,61
66,160,37
67,160,33
69,150,54
73,195,31
72,189,59
70,190,55
72,200,64
67,185,27
71,130,18
70,195,27
70,185,33
75,344,52
75,210,51
68,210,40
76,225,48
74,204,35
71,220,53
71,188,53
72,170,29
72,200,61
68,140,18
69,155,19
71,151,37
68,235,43
71,230,58
78,190,62
73,210,65
71,192,26
69,190,47
73,210,66
70,200,27
66,197,61
70,194,42
67,172,67
64,155,41
71,195,35
64,175,40
69,167,37
66,140,80
70,164,29
68,145,27
66,178,47
72,180,40
77,218,43
78,360,53
72,170,51
72,195,28
71,165,43
72,185,47
70,167,21
73,200,18
73,193,23
66,180,30
74,175,38
72,150,25
74,230,39
63,160,65
69,180,47
71,155,54
71,185,71
71,205,38
72,175,44
68,155,22
74,165,19
68,170,23
75,205,29
73,190,39
68,165,47
67,145,19
71,205,40
68,255,23
72,220,53
67,135,18
73,280,64
69,150,32
69,195,55
74,190,50
72,324,54
67,155,82
70,180,85
74,235,77
68,150,20
69,160,68
75,260,40
71,200,27
68,180,37
73,170,46
66,130,34
68,165,47
71,168,22
71,165,34
76,260,30
69,186,36
73,165,38
66,170,55
68,205,27
66,180,26
70,175,43
69,143,28
72,195,32
62,200,34
72,169,61
67,147,70
70,210,78
75,180,30
68,260,54
76,215,55
72,155,33
71,210,30
69,186,23
68,180,48
71,145,21
74,190,27
76,270,27
70,160,20
71,215,46
71,178,23
71,185,41
74,150,42
74,185,33
68,183,27
71,180,28
69,161,74
75,218,65
71,215,51
68,185,41
72,210,25
69,200,71
69,160,28
70,240,58
68,210,52
74,240,30
75,235,28
67,180,66
74,260,55
72,194,40
71,165,47
83,265,25
75,160,27
69,180,39
70,145,83
66,152,51
74,230,24
71,190,37
75,210,64
70,155,26
73,240,38
72,192,37
65,175,63
70,180,54
69,185,40
72,162,30
61,151,60
70,163,45
69,168,51
65,135,25
68,150,18
73,188,23
67,164,33
69,160,34
70,205,21
71,170,39
66,203,40
69,185,42
67,160,41
74,210,18
74,198,42
68,210,32
65,152,50
74,250,36
71,185,51
60,204,27
70,215,36
68,175,46
70,165,21
66,220,19
74,210,52
66,118,62
66,186,33
70,180,32
72,165,74
69,160,39
66,158,29
68,140,48
70,235,64
74,185,70
72,180,27
67,230,48
71,193,39
72,200,84
73,215,51
71,200,32
75,225,32
70,180,50
70,185,47
71,197,60
73,214,30
68,187,34
75,192,36
72,225,23
67,200,53
72,250,24
72,300,35
71,160,34
72,275,32
66,130,33
73,180,32
72,170,43
67,245,36
72,180,55
71,170,34
73,210,46
66,140,37
68,164,69
72,185,68
68,150,26
72,240,52
70,205,29
71,185,59
73,230,64
73,185,18
70,140,61
71,240,19
73,215,18
65,160,32
72,300,46
75,260,65
72,157,25
72,190,53
62,138,27
71,240,37
70,190,32
74,200,51
69,180,22
68,115,40
74,230,30
72,185,53
72,180,37
66,125,65
67,205,36
71,213,18
68,225,41
72,192,32
66,225,26
70,191,49
73,175,52
67,160,35
69,170,47
62,162,73
68,142,42
67,142,41
65,150,38
71,180,41
69,145,45
71,135,43
71,250,39
68,195,62
68,193,50
63,160,32
74,175,43
72,185,24
73,170,52
76,215,18
69,210,39
69,230,37
68,203,52
67,235,46
70,182,49
72,150,23
69,190,27
73,195,33
66,180,63
66,170,52
64,145,63
70,190,28
67,140,21
72,180,49
69,137,47
73,162,34
72,165,24
74,220,53
69,147,25
69,183,53
71,180,31
72,160,23
76,175,21
74,205,31
73,220,29
69,130,30
66,158,40
72,168,29
72,300,23
69,135,51
71,185,79
74,206,82
69,160,56
71,230,45
72,250,40
73,194,23
73,195,44
70,154,25
67,155,59
68,176,53
68,170,33
72,198,76
72,180,41
67,158,34
73,280,24
73,230,20
64,138,50
70,160,61
72,190,33
72,195,70
67,165,22
70,188,62
66,180,36
77,278,18
68,164,64
74,170,27
66,140,60
76,250,39
65,175,55
70,190,57
71,175,39
72,160,39
72,195,56
71,145,21
69,195,40
70,135,67
72,190,44
66,140,69
66,160,28
70,200,55
72,210,48
67,170,48
70,185,33
72,225,35
70,185,22
71,190,37
64,150,39
69,171,25
78,260,53
65,154,56
69,160,24
71,205,66
74,205,42
67,160,20
69,185,79
68,175,53
68,145,29
72,168,51
72,194,45
68,170,51
71,186,29
67,152,21
67,195,45
70,152,75
71,195,28
72,163,75
69,160,23
75,220,82
75,265,45
64,150,48
66,185,74
66,175,36
70,232,54
71,175,28
69,225,48
76,225,49
70,215,79
67,155,73
68,190,68
72,170,70
70,200,32
72,215,80
66,157,32
72,175,22
63,140,23
70,160,22
68,155,51
66,146,80
68,200,51
66,157,74
71,145,27
64,155,22
70,160,68
70,205,39
69,165,73
71,220,40
71,150,22
67,134,91
66,170,33
78,260,31
73,165,18
72,225,42
72,180,20
67,195,43
66,190,31
71,145,41
65,270,43
68,160,36
72,150,19
66,150,29
74,195,30
68,170,60
68,189,43
66,180,49
70,180,44
74,245,66
66,154,28
69,155,18
72,185,42
69,280,47
69,160,80
71,195,50
68,165,55
64,125,19
75,260,23
66,240,39
73,185,30
73,215,34
73,350,44
72,250,44
68,167,45
71,190,41
68,187,57
74,195,51
72,203,46
73,190,58
69,180,83
71,180,42
70,190,58
71,230,33
70,180,49
72,194,45
73,258,34
69,182,71
65,145,35
72,240,40
70,220,43
70,220,35
74,286,60
72,175,19
67,130,54
74,200,45
72,178,34
70,160,20
64,159,44
65,155,59
72,294,30
69,175,30
70,175,48
69,195,65
69,190,35
70,196,48
69,225,39
72,200,25
74,240,27
71,200,62
68,130,26
67,165,21
72,192,62
72,195,39
67,230,31
76,160,18
74,180,26
70,180,32
74,215,26
71,200,30
71,175,59
72,210,29
70,197,62
64,195,57
66,165,26
65,120,32
70,190,63
67,200,61
69,198,54
70,205,28
63,150,58
71,190,36
73,168,23
70,185,38
71,160,35
68,148,39
71,165,43
70,175,47
71,165,24
65,160,31
67,185,30
71,185,33
71,190,37
70,190,37
71,215,45
69,158,72
73,151,24
73,220,25
70,165,28
64,170,25
73,220,24
69,170,40
69,225,21
68,150,20
70,250,76
66,185,58
71,265,41
74,170,22
75,230,48
76,340,48
67,145,88
74,220,23
70,170,69
76,190,23
69,180,23
74,265,39
71,230,44
74,190,34
69,155,64
71,120,19
72,250,34
72,194,82
69,182,48
68,190,71
74,225,31
69,220,44
70,225,62
74,185,20
71,180,22
68,190,74
70,190,55
69,175,58
72,150,30
72,198,43
71,160,38
73,210,44
73,200,32
73,214,54
69,160,37
66,137,23
75,256,53
65,150,50
60,250,28
72,205,49
69,135,19
66,115,74
71,165,30
69,190,19
76,210,21
67,175,55
73,160,22
69,200,48
72,205,24
70,167,53
71,200,52
71,255,19
72,250,32
75,310,54
69,180,20
68,220,53
69,150,48
74,176,23
71,165,31
68,240,52
64,130,32
74,180,47
70,148,71
70,161,29
75,248,19
66,130,38
72,192,33
69,160,30
69,218,38
69,180,35
76,265,47
67,200,25
71,150,19
71,207,68
70,155,30
71,220,22
68,185,58
74,210,34
74,170,20
70,227,47
67,200,57
68,215,32
71,187,71
66,147,62
69,175,47
68,150,37
70,140,74
69,176,18
72,180,59
65,155,34
68,150,40
73,195,52
72,225,33
66,180,31
74,235,27
67,220,45
71,198,75
72,180,21
70,170,42
66,160,33
68,145,26
74,230,52
72,185,21
70,160,77
74,170,23
68,160,19
69,158,56
71,170,24
72,172,37
69,170,24
67,135,43
72,230,72
74,180,40
72,195,44
71,205,32
64,130,20
70,220,50
72,235,25
72,175,43
69,192,71
72,210,47
72,175,65
67,165,27
71,225,37
71,175,28
71,210,40
71,200,32
71,170,56
71,220,28
68,156,87
68,175,76
67,150,50
69,140,70
70,180,43
72,160,42
70,200,40
73,164,48
66,130,27
69,175,78
75,190,92
68,175,44
73,155,23
67,180,80
77,220,44
67,200,36
71,185,21
74,210,47
73,183,75
71,225,40
74,255,19
72,215,74
71,260,69
69,200,24
70,200,27
70,160,50
74,220,33
68,172,28
70,210,72
67,145,24
67,100,54
70,178,47
67,165,56
70,163,32
67,178,77
69,110,34
66,205,33
69,235,56
67,175,51
68,160,66
74,150,60
66,142,42
69,178,42
70,180,25
63,200,68
67,250,36
66,115,68
71,250,41
74,240,44
68,140,20
70,170,37
69,212,27
66,235,50
77,235,21
70,175,33
72,159,47
75,270,25
67,160,44
68,207,63
73,160,34
71,200,51
65,185,49
70,240,28
74,230,31
69,275,27
67,175,40
74,195,35
71,260,39
75,235,33
69,138,29
65,215,39
67,147,27
72,350,38
72,170,34
72,195,62
69,195,71
69,190,54
67,175,22
73,205,36
74,230,44
72,190,22
62,145,28
73,180,25
73,215,33
68,210,54
66,210,52
71,178,42
70,178,45
68,175,24
72,155,85
69,210,42
72,170,18
71,200,21
70,175,25
68,220,66
70,210,33
69,170,52
71,200,51
72,180,58
67,190,45
76,220,69
74,210,28
72,175,22
72,230,35
78,250,57
72,175,29
68,135,31
72,165,21
73,150,46
73,230,36
70,170,24
72,240,53
72,180,37
66,185,53
75,210,37
74,195,71
76,180,30
73,225,38
69,170,30
69,160,27
77,300,42
73,245,62
69,170,47
72,196,79
63,150,27
71,155,30
71,200,34
70,180,63
71,212,76
70,155,70
76,218,34
69,190,24
80,175,32
65,137,74
71,175,78
75,215,43
71,162,75
70,165,44
70,185,55
72,240,51
73,200,30
69,162,84
76,290,23
66,108,40
70,243,73
73,210,64
66,165,52
69,193,34
66,145,79
71,180,46
65,142,18
69,135,21
68,175,76
71,194,62
73,212,37
71,202,32
69,160,76
72,220,39
65,150,29
65,140,33
69,180,66
72,240,22
71,220,40
69,200,56
68,165,27
73,310,38
68,155,61
72,225,72
70,230,44
66,165,34
68,171,57
70,275,57
74,184,59
75,330,27
73,215,47
68,150,20
72,165,78
72,200,66
72,145,52
66,160,53
70,200,28
70,210,44
72,230,49
68,160,18
70,170,24
69,170,37
67,150,38
72,190,54
69,170,25
72,245,37
74,200,31
68,155,48
74,220,26
68,200,43
73,215,34
72,250,73
75,195,20
70,150,32
73,220,35
66,130,22
72,203,31
67,184,74
70,150,62
72,175,18
67,155,49
71,210,61
74,260,49
70,165,72
70,180,55
68,130,21
69,158,52
70,195,47
72,170,52
70,200,40
73,215,47
73,160,36
71,213,62
72,175,45
67,165,50
75,175,36
65,170,39
69,210,35
66,160,69
67,220,26
69,190,46
71,210,39
67,165,35
73,190,59
73,225,43
68,162,76
74,182,48
62,148,43
67,150,58
65,170,41
67,145,53
76,223,22
70,192,40
69,162,31
69,130,65
74,265,29
73,210,26
75,186,78
72,165,32
68,155,36
69,171,56
78,250,45
67,220,74
69,190,29
71,170,36
67,220,44
74,205,29
71,180,33
66,135,19
69,165,40
75,198,64
73,200,57
69,195,63
66,215,43
68,170,24
67,155,45
70,170,19
69,175,47
69,145,37
66,155,20
70,192,54
72,195,24
66,155,40
72,240,46
72,180,22
74,178,21
71,175,74
71,160,45
72,161,36
73,170,22
72,190,36
70,170,74
71,192,28
68,165,69
69,160,71
77,240,26
67,204,48
72,185,34
72,265,68
71,190,50
74,180,60
74,195,35
72,150,29
71,170,49
75,225,71
74,210,36
67,135,67
70,205,50
68,190,35
71,233,52
70,205,44
69,173,78
67,155,47
70,175,44
71,140,79
68,179,79
67,160,25
70,185,45
71,200,80
72,150,27
69,175,20
71,230,58
70,175,19
72,140,18
77,300,50
72,230,41
72,185,52
70,155,45
65,165,46
72,185,77
69,279,56
70,170,64
71,185,33
71,170,58
75,300,45
70,175,31
72,170,48
68,180,38
69,150,22
73,250,62
70,165,45
72,190,35
71,190,42
70,150,74
75,225,51
67,210,50
69,195,42
73,200,28
67,160,39
72,183,24
72,192,36
77,230,22
70,155,47
69,160,32
68,180,62
69,175,33
70,168,55
71,160,21
68,170,18
72,210,72
73,172,23
70,270,36
71,225,61
78,195,26
71,130,30
70,190,37
75,205,32
68,240,24
70,193,37
72,185,29
66,170,40
73,300,37
72,193,63
68,150,31
73,265,43
64,200,28
71,180,44
72,180,80
67,185,50
69,180,32
69,208,68
74,220,35
71,180,26
68,175,28
73,195,45
69,170,54
68,185,55
66,148,42
65,172,40
72,202,38
72,165,45
71,195,48
72,172,18
68,215,65
67,140,52
72,210,52
72,180,27
72,194,84
70,170,40
69,160,34
73,219,34
64,166,40
67,152,69
68,220,52
73,280,43
71,225,41
70,220,29
75,200,35
74,215,77
65,170,62
68,200,22
64,120,21
70,180,45
69,163,39
66,200,48
68,120,76
76,290,48
75,215,36
69,145,58
63,170,57
70,290,48
72,195,65
67,145,23
69,122,20
70,134,72
69,234,24
68,168,62
72,160,20
65,120,79
72,200,19
73,231,54
66,165,34
71,155,22
72,195,23
66,205,20
71,200,58
69,250,49
67,150,35
74,235,36
74,235,34
74,250,55
71,185,42
71,205,31
71,160,27
72,155,62
71,194,39
70,162,28
67,165,18
76,296,55
73,200,30
71,178,45
71,265,37
71,190,20
69,165,37
66,165,43
75,215,33
76,270,29
72,170,40
68,180,19
74,215,39
67,140,74
71,163,58
75,220,47
74,235,37
70,210,42
68,165,71
71,140,22
68,240,62
70,175,55
68,148,52
74,205,43
68,205,52
74,192,31
72,220,57
79,190,22
67,185,36
65,180,49
71,210,32
77,205,42
76,234,60
73,175,46
74,165,18
70,175,29
61,140,39
70,178,41
68,190,35
69,155,35
69,155,63
71,210,47
70,175,51
74,204,40
78,300,53
71,165,57
74,250,58
67,170,37
71,185,53
67,230,25
68,147,72
68,160,32
72,190,40
74,210,44
66,165,44
67,172,67
72,275,44
67,175,50
64,150,28
73,238,78
72,215,52
70,160,19
76,220,20
70,180,27
68,165,60
66,185,42
70,175,45
77,280,33
71,190,36
68,183,64
68,150,85
68,180,45
65,155,26
68,168,25
73,183,40
74,240,52
73,250,36
65,150,59
73,200,56
67,193,35
71,165,18
67,200,40
71,155,32
66,160,72
65,155,32
71,162,23
72,230,58
67,170,35
73,195,29
69,165,48
70,180,68
71,210,63
72,207,40
73,196,52
74,205,46
72,170,29
68,170,30
70,235,49
68,162,68
73,205,21
74,250,18
68,175,75
71,175,57
72,210,47
67,174,52
65,145,50
72,205,48
67,179,40
68,147,24
69,175,27
76,250,46
69,165,47
73,215,28
69,140,36
71,201,58
68,133,24
65,157,39
71,210,40
72,165,18
72,165,66
70,190,21
73,235,49
74,225,58
70,175,53
70,195,60
66,165,51
71,155,48
76,225,23
69,145,24
72,210,68
73,220,37
72,224,53
71,170,48
67,150,64
68,155,56
72,230,45
70,165,35
68,175,62
75,200,28
70,220,52
70,160,61
73,170,43
68,160,18
66,153,72
66,220,49
68,180,58
66,140,30
74,215,47
62,168,32
59,130,47
73,195,42
68,235,64
69,174,82
74,240,41
70,225,21
68,200,27
71,200,45
67,170,39
68,145,30
72,180,44
68,190,55
69,195,49
68,175,72
69,192,46
65,175,73
72,235,33
67,168,61
68,185,42
69,175,49
70,150,40
65,180,35
72,165,31
69,173,36
71,200,20
67,182,37
71,185,30
64,150,50
70,200,31
71,225,31
70,180,56
71,204,20
72,195,25
71,190,77
69,148,57
71,235,52
74,310,45
69,173,53
66,143,78
70,204,75
70,148,69
69,220,36
70,160,36
69,150,21
69,215,82
71,212,74
67,205,53
69,130,26
69,186,46
74,198,41
70,170,19
67,190,32
70,225,71
67,200,37
70,170,53
70,230,45
68,190,50
70,170,26
74,220,65
68,165,33
73,190,80
64,250,27
73,230,39
60,170,75
72,205,40
69,240,77
70,165,54
66,165,43
65,210,43
68,230,33
68,225,56
71,150,72
70,205,39
67,198,75
72,180,30
75,257,50
72,165,21
73,262,28
68,160,65
73,230,18
72,200,26
67,205,62
65,195,68
67,145,41
73,150,42
68,166,80
70,190,38
61,126,37
70,170,56
72,215,79
70,220,75
69,150,36
67,160,20
71,150,21
67,110,22
73,230,33
64,186,44
70,130,27
70,260,38
71,220,23
66,150,37
71,180,63
70,170,74
70,220,46
75,182,33
68,180,28
72,200,34
68,195,46
73,250,60
71,200,62
68,188,79
67,189,43
67,140,36
65,140,66
71,200,61
70,188,51
71,215,82
69,173,67
71,150,37
64,160,80
75,203,53
68,210,65
66,160,34
70,170,47
71,153,25
68,175,68
75,215,43
68,190,31
68,170,22
70,180,29
80,200,21
68,190,55
72,310,25
71,235,42
73,214,30
69,175,19
73,180,60
70,145,40
63,170,74
67,140,21
72,185,78
70,160,42
74,183,35
74,145,20
68,185,75
69,200,67
65,175,29
78,160,27
73,220,53
71,245,26
72,210,23
69,180,69
66,175,36
69,155,47
71,195,46
66,155,26
75,160,28
68,180,74
70,205,51
70,163,41
66,160,21
68,170,81
66,150,72
72,220,28
70,160,69
76,220,43
69,180,23
66,170,30
72,210,25
67,250,29
76,210,64
71,245,59
75,300,64
71,150,76
71,155,44
71,180,47
67,155,25
68,195,32
66,172,23
67,156,45
76,190,23
74,300,36
69,190,51
69,150,19
69,190,52
70,300,44
70,260,51
70,200,38
69,160,32
71,176,62
70,175,83
71,179,44
67,174,33
68,155,52
75,230,70
73,160,37
71,190,35
70,145,21
72,248,38
73,190,57
64,232,39
76,155,27
72,188,54
70,260,67
66,222,38
68,177,40
66,189,39
70,178,45
72,200,22
73,130,22
70,245,47
70,190,57
76,240,41
72,170,37
69,162,83
72,200,45
71,225,38
71,175,35
67,122,50
67,140,39
66,140,19
68,180,35
76,183,30
71,160,21
66,185,59
68,165,48
75,160,33
68,185,54
66,135,64
62,145,31
68,155,41
73,175,21
70,170,18
63,135,77
72,180,20
68,210,47
71,145,30
72,250,31
73,222,60
67,150,46
75,196,29
68,175,28
69,168,41
69,165,26
71,218,62
73,185,64
74,215,28
71,170,50
71,240,18
65,173,39
69,215,74
72,280,43
73,250,77
73,210,47
75,219,55
75,225,34
71,170,35
73,225,65
71,170,18
71,160,19
69,158,37
73,170,35
72,215,26
75,225,70
79,300,32
66,172,66
72,175,60
75,248,48
66,200,34
66,185,43
65,148,31
69,210,25
75,285,40
67,160,51
67,165,55
77,315,18
67,205,45
69,195,55
74,215,50
64,134,40
75,220,38
67,172,74
73,165,29
74,214,73
71,165,21
68,145,20
70,195,48
67,210,45
64,180,65
70,160,38
71,205,29
68,145,37
70,150,20
72,180,39
65,180,36
68,192,68
69,235,69
72,194,20
68,145,33
69,220,53
71,120,24
68,200,49
70,175,32
61,130,29
72,260,43
65,195,35
70,188,57
73,145,18
72,190,58
72,175,22
70,170,29
66,193,29
73,175,31
66,186,37
70,180,40
70,160,39
69,180,73
74,285,48
69,200,45
73,195,45
66,150,55
68,240,46
71,220,44
71,175,63
68,160,28
71,175,31
66,200,31
65,160,49
75,190,22
67,140,38
74,172,60
72,300,44
70,220,20
72,170,48
70,180,44
69,162,50
71,210,40
75,205,34
71,205,58
71,190,57
66,215,36
72,203,29
70,166,26
75,230,57
71,175,36
72,210,55
69,158,32
73,195,27
68,160,53
68,348,53
67,140,22
75,208,38
68,170,25
74,170,39
67,183,57
70,205,45
75,210,34
69,186,36
69,145,33
68,155,63
69,160,67
72,210,26
71,138,35
73,210,57
69,205,36
67,175,55
66,279,68
72,270,43
70,200,42
68,155,19
73,190,61
69,185,40
72,230,45
70,208,44
74,165,43
69,220,56
69,170,40
69,190,71
67,190,29
70,215,27
69,175,43
71,170,23
71,155,22
70,190,29
71,196,79
73,195,63
75,210,37
70,165,38
71,163,77
77,271,38
66,170,39
75,230,47
72,234,49
66,180,61
70,200,25
66,155,34
72,216,56
69,170,32
69,146,67
69,175,22
72,170,25
71,198,28
67,230,65
74,185,31
75,190,45
69,245,57
68,145,53
67,170,77
75,245,45
66,135,41
67,182,21
69,175,35
72,200,43
64,139,31
68,220,44
78,250,67
72,160,56
74,200,32
74,220,39
68,197,38
74,210,31
68,150,73
74,232,53
69,160,52
71,170,23
70,180,90
70,200,36
69,155,46
65,145,33
72,170,18
68,150,70
70,185,24
67,160,75
74,180,36
69,175,36
73,210,33
70,160,18
73,185,48
70,150,24
71,180,23
70,188,69
71,240,82
70,162,62
71,140,27
67,175,30
70,185,30
71,200,68
69,160,27
69,168,29
69,165,30
68,128,80
76,185,27
69,160,74
72,185,34
75,207,40
72,385,72
64,180,24
75,195,65
74,270,50
68,160,25
69,190,68
71,220,26
70,185,48
69,180,53
71,202,72
73,300,48
68,186,48
71,165,49
65,176,70
74,135,23
71,200,55
72,145,26
70,155,74
67,140,25
69,210,45
71,175,54
72,240,40
70,175,20
70,160,18
68,174,36
69,210,47
66,225,45
70,165,81
74,175,55
73,185,58
72,190,37
71,155,23
69,192,62
66,165,32
77,200,26
62,248,32
70,168,41
72,228,45
71,175,29
68,145,18
68,210,53
69,165,45
66,145,21
66,205,36
68,200,44
69,135,19
68,195,41
70,160,48
71,145,33
69,195,30
70,180,20
70,154,21
72,210,43
71,149,71
73,186,33
69,170,48
65,135,44
67,165,35
71,192,68
72,155,37
67,156,56
72,165,40
65,125,28
65,150,33
63,200,49
70,212,67
69,147,42
74,220,57
69,220,62
70,205,59
73,200,29
67,250,29
72,180,28
73,175,34
71,175,35
70,245,42
72,200,36
69,155,44
68,150,32
70,165,28
66,165,52
67,300,53
67,140,30
70,230,45
68,171,32
68,170,72
72,165,38
73,157,66
70,150,47
71,190,44
72,180,56
71,165,75
67,300,43
70,190,37
69,183,47
71,180,53
68,220,36
63,138,26
73,195,61
70,240,49
68,185,58
75,220,43
67,141,37
71,170,23
70,165,35
72,165,68
67,140,22
68,217,20
69,242,56
71,170,23
72,160,22
75,220,56
73,175,45
72,190,40
72,171,62
71,165,36
71,230,52
65,180,54
66,190,50
72,219,22
66,150,30
66,156,37
72,190,48
72,170,21
72,200,50
73,175,30
73,195,49
72,275,30
70,204,38
72,170,49
68,155,25
70,160,72
66,195,31
68,180,20
69,180,39
71,170,53
66,125,94
66,125,57
72,300,64
72,183,62
69,190,76
60,170,30
76,300,36
71,160,38
70,195,60
71,225,34
68,175,21
69,160,41
72,218,38
69,198,54
70,155,23
65,152,36
69,185,58
70,170,33
64,179,55
73,220,24
72,160,18
66,180,18
69,220,70
71,220,67
73,192,18
74,225,40
71,189,53
70,152,65
66,170,25
76,180,22
72,300,52
68,160,29
70,173,27
69,115,59
75,175,36
71,185,54
72,185,18
70,168,48
66,180,50
67,165,54
70,173,31
75,215,23
71,207,56
73,150,28
64,170,54
67,190,43
68,168,75
72,174,68
68,215,71
67,170,87
73,230,69
73,290,43
74,205,20
68,180,50
69,138,74
77,260,27
72,180,18
67,148,59
71,195,43
70,233,43
70,180,71
67,190,31
68,187,79
72,185,42
74,175,26
73,205,43
66,170,53
66,140,21
72,240,36
70,187,54
75,209,76
73,185,56
73,203,21
72,195,24
68,180,85
76,276,47
70,155,68
64,155,69
65,135,36
65,165,35
73,163,22
69,175,56
70,155,18
72,205,43
66,135,27
71,175,55
70,165,18
70,180,38
72,200,62
71,200,51
70,190,58
72,195,44
70,230,26
68,147,21
75,220,64
69,210,60
70,195,36
72,210,47
70,200,38
69,180,32
67,172,63
72,210,45
63,116,30
70,160,42
75,250,43
70,196,22
70,195,33
69,200,74
72,170,35
75,205,60
62,190,24
69,195,43
69,208,38
70,225,18
73,320,47
67,140,41
70,175,26
72,140,21
70,175,29
70,155,24
74,285,39
66,148,40
70,240,77
71,240,31
67,185,30
69,182,29
72,228,62
70,220,60
69,145,59
71,231,45
73,165,50
69,200,53
65,119,26
74,290,31
71,207,20
65,128,23
66,155,65
68,210,50
66,200,57
67,195,53
68,170,18
71,215,28
65,190,29
70,201,59
74,178,25
71,185,31
71,220,33
68,153,73
71,190,71
73,185,23
67,235,32
71,194,28
68,255,41
71,175,75
70,250,40
74,225,23
70,188,57
73,320,24
71,185,38
67,165,67
70,210,33
73,173,40
72,172,31
71,225,29
72,220,74
68,160,30
71,200,37
74,173,63
68,140,24
71,175,75
64,165,45
74,205,37
69,195,35
72,160,20
67,180,22
68,165,40
66,135,91
72,220,35
67,172,70
72,185,47
71,190,42
66,137,69
72,218,44
73,215,25
70,218,71
74,150,36
70,180,24
69,215,59
70,190,32
70,166,38
68,165,53
67,146,39
69,210,19
73,265,67
69,175,69
74,165,27
67,180,42
72,230,62
67,150,84
65,162,44
72,185,45
60,280,37
69,200,43
73,200,28
71,153,44
66,145,54
69,200,57
70,170,66
64,155,88
73,210,32
68,132,49
65,146,42
70,188,42
67,178,31
68,132,44
71,185,20
70,199,35
68,178,42
67,188,66
69,165,70
76,147,24
66,190,33
68,145,48
70,300,39
72,210,73
72,185,40
70,170,42
74,200,31
72,250,45
66,170,48
72,200,55
73,175,31
73,230,27
71,190,30
71,170,76
74,211,62
77,225,25
72,235,36
68,188,79
70,210,27
68,150,57
68,155,82
69,205,42
73,230,42
76,270,51
68,130,59
69,155,46
72,212,32
66,195,62
68,185,31
72,245,29
71,200,24
74,175,23
69,180,38
68,155,47
75,210,18
72,180,48
71,180,47
69,145,40
67,165,34
70,190,27
71,140,72
63,125,75
74,168,35
66,150,66
70,180,61
72,150,18
72,200,50
72,135,20
73,190,30
71,220,22
72,170,29
73,220,52
72,235,63
72,350,19
70,162,83
66,183,24
69,180,58
69,160,23
71,190,28
70,155,29
72,160,56
71,218,63
68,127,83
68,195,46
68,198,66
73,155,29
66,210,61
69,130,33
70,180,70
75,210,24
74,205,53
71,182,50
70,222,60
70,150,86
72,170,37
68,242,77
72,169,53
74,200,40
71,165,73
70,140,75
70,210,64
75,225,23
70,230,28
71,200,28
60,125,41
64,145,32
67,180,36
74,205,29
67,210,34
74,309,68
69,155,55
71,188,51
68,175,27
67,170,41
69,240,52
66,155,58
68,170,75
67,167,51
72,195,24
74,182,38
74,165,33
74,230,66
72,170,55
73,230,21
72,170,21
76,225,42
71,150,33
67,175,48
74,187,24
72,142,46
67,190,33
74,240,25
73,175,37
72,140,62
74,205,21
71,185,70
71,175,60
70,180,49
71,225,50
74,168,53
69,160,52
70,170,38
74,175,48
74,290,19
66,135,55
70,182,38
74,185,31
69,190,57
67,145,58
71,185,54
66,173,32
66,152,47
69,200,43
74,250,29
64,145,49
70,145,66
74,215,57
66,132,34
69,195,36
71,200,35
58,157,66
67,150,83
70,165,77
70,225,53
73,350,19
73,165,21
72,175,25
69,220,63
70,145,30
75,200,50
71,228,64
68,154,38
72,190,27
70,168,40
71,165,57
76,200,33
68,200,59
69,150,21
71,210,48
69,170,50
68,165,52
68,150,76
71,162,49
67,230,43
70,160,61
67,155,19
69,185,19
72,185,49
71,150,50
73,172,77
72,150,39
69,170,28
72,240,37
70,205,70
72,170,27
69,152,65
68,180,18
69,185,49
66,136,38
69,130,18
68,160,49
67,258,54
73,195,47
76,185,45
70,186,65
72,190,29
68,190,51
73,185,54
68,150,29
68,185,29
72,160,23
72,145,43
78,240,30
68,158,78
68,185,38
68,165,40
71,280,61
65,175,29
73,280,21
69,215,41
74,209,74
71,190,31
70,150,24
67,178,23
65,110,18
70,185,41
74,225,30
68,190,43
67,205,62
67,170,69
78,228,48
74,175,78
66,168,54
67,160,23
72,250,35
70,175,45
69,185,59
72,165,19
66,145,21
67,160,64
69,220,74
70,190,39
71,180,62
72,185,39
72,200,33
73,205,38
72,155,19
68,197,61
73,200,31
70,178,64
68,195,49
70,180,63
76,210,45
72,160,19
71,298,34
69,200,20
65,160,76
70,220,32
69,178,21
70,160,23
74,285,21
71,179,58
68,177,23
66,160,70
73,155,28
70,185,26
72,185,64
72,182,20
72,270,48
67,225,42
72,188,35
69,230,45
72,245,34
72,180,66
66,206,29
74,245,46
70,170,40
69,178,37
73,180,75
70,185,41
71,190,22
69,170,62
68,142,29
71,188,55
71,210,43
72,205,25
69,205,39
66,160,43
69,175,39
72,190,37
69,184,38
70,192,64
73,235,38
71,190,43
71,178,59
72,170,36
68,200,43
74,210,30
68,165,85
70,158,68
66,145,30
69,195,37
69,185,36
74,182,29
72,170,24
68,210,35
70,195,54
71,220,65
72,195,53
68,190,79
75,190,20
74,240,32
69,175,53
72,225,45
72,140,30
70,225,40
70,195,29
71,245,59
65,175,37
70,198,61
68,130,88
68,220,37
72,195,46
69,145,18
65,173,48
66,125,61
74,185,22
68,220,69
72,175,18
68,195,65
67,148,70
69,165,57
66,170,43
69,150,43
75,240,49
73,170,60
65,170,64
70,150,79
75,190,65
76,200,60
70,190,39
69,176,37
69,200,50
69,155,50
69,190,45
68,250,43
70,195,39
74,305,54
69,185,82
73,205,54
73,230,55
69,170,65
67,175,62
67,215,80
67,210,71
66,174,72
66,162,73
70,160,48
71,200,22
67,175,28
73,175,48
70,180,47
75,195,34
71,175,40
68,230,23
74,230,73
69,130,69
72,190,35
71,200,44
69,161,62
70,190,72
71,185,42
69,157,24
67,300,35
71,170,26
68,195,56
72,250,38
66,145,68
75,194,41
70,172,38
70,145,30
73,215,45
70,174,71
75,214,36
69,225,38
70,185,64
70,190,32
72,200,29
65,125,23
69,191,69
70,176,71
68,146,58
70,180,40
71,190,58
68,180,75
74,275,34
71,175,20
67,160,70
70,155,45
69,240,71
71,190,52
71,190,68
80,163,51
71,185,37
68,187,47
71,186,49
71,195,43
72,183,70
80,190,45
70,120,28
74,200,18
69,158,80
69,155,25
66,143,70
74,175,47
72,155,72
74,178,24
68,164,82
72,230,31
70,185,46
74,200,68
73,210,33
72,200,37
66,130,57
70,202,38
69,170,52
76,180,53
68,116,79
72,228,41
70,140,73
66,190,47
68,153,40
70,180,79
69,195,45
70,180,68
66,185,31
66,175,53
76,250,23
71,200,58
69,200,40
70,180,29
71,185,33
72,200,44
70,160,30
75,177,29
71,195,39
66,180,79
71,180,37
72,175,24
75,225,35
71,155,45
63,150,72
71,185,71
72,200,40
71,160,51
71,165,28
68,196,46
72,200,47
68,200,42
69,265,55
71,125,48
74,205,24
67,190,30
70,180,73
63,165,35
73,195,34
70,194,58
74,203,51
77,220,39
73,165,50
72,225,44
67,210,58
72,200,55
71,170,47
71,145,21
69,183,68
65,160,46
66,172,32
73,245,30
73,190,51
70,154,37
70,220,32
71,190,64
70,155,37
73,175,53
72,165,32
71,155,18
74,200,39
71,185,38
73,245,31
71,180,40
72,172,83
71,210,36
72,195,45
69,155,57
75,198,35
66,150,23
69,180,70
66,155,61
74,240,45
70,140,32
69,165,36
61,108,90
72,172,56
70,180,44
67,200,74
63,146,76
65,150,42
64,100,23
68,175,30
72,170,37
75,203,35
74,190,58
72,185,26
71,165,44
70,182,77
70,210,31
72,194,18
68,192,67
72,240,23
70,220,35
72,220,37
71,208,58
69,195,74
73,182,67
67,180,61
72,180,61
69,170,82
70,165,33
70,240,47
69,200,43
73,156,25
74,160,49
71,180,40
66,200,45
71,170,28
66,140,40
68,200,80
71,170,46
71,153,25
67,170,40
66,180,31
68,184,33
71,225,47
71,215,33
78,350,38
65,170,31
64,160,56
71,215,18
69,170,51
63,110,72
68,218,59
73,165,26
72,190,63
66,158,35
70,180,70
72,175,39
70,210,45
69,205,50
75,200,57
71,210,22
73,145,76
67,178,41
68,180,42
76,235,22
66,160,35
70,160,26
71,165,20
67,180,64
71,225,27
66,136,50
68,220,68
71,160,23
72,190,40
72,189,73
70,150,70
70,235,37
67,150,22
72,220,28
67,178,48
70,235,43
72,225,47
73,205,39
70,145,48
71,165,24
69,215,28
70,180,21
73,150,35
72,195,63
67,176,28
70,150,27
68,240,74
68,140,21
68,184,68
77,210,23
66,173,39
71,185,65
67,130,88
73,230,41
73,145,61
71,176,52
71,220,51
74,150,22
68,230,22
78,145,22
73,185,35
70,190,54
69,145,35
64,160,33
73,211,20
74,245,68
71,172,37
75,275,36
72,285,36
68,200,45
69,190,33
76,245,22
71,240,32
72,195,75
66,150,33
68,205,35
77,280,47
72,115,52
69,200,40
69,145,18
70,150,46
73,185,38
67,180,64
72,225,48
68,161,28
72,190,36
74,320,37
74,203,50
69,160,36
71,236,68
68,165,34
64,220,46
72,235,42
49,160,52
77,225,27
72,190,35
73,270,23
71,160,18
72,165,28
71,200,57
70,150,45
73,247,57
74,215,58
66,170,74
74,210,38
74,200,26
70,150,18
70,175,65
69,150,30
67,250,27
71,285,37
69,190,59
73,153,47
75,240,70
73,170,29
71,195,21
65,150,57
68,144,18
73,180,51
72,185,62
64,140,37
71,168,48
71,175,29
68,200,50
68,200,69
71,172,82
66,155,62
70,160,42
71,173,29
71,163,22
70,175,25
71,190,37
74,150,22
71,190,72
74,163,18
70,250,35
68,155,82
75,210,22
70,235,23
73,220,56
66,185,63
75,260,47
65,240,61
71,195,28
71,170,28
70,190,40
72,250,40
73,210,43
71,180,39
67,250,39
74,210,52
72,178,56
73,250,19
69,210,45
69,158,53
71,145,43
71,165,37
68,170,55
72,290,34
71,200,25
72,240,34
71,190,29
68,230,65
70,145,23
68,169,50
71,222,51
72,190,40
69,200,71
68,150,38
72,220,53
66,170,41
65,165,52
73,230,60
71,222,47
71,185,81
70,165,31
70,178,40
67,160,35
72,190,67
73,210,29
68,170,41
72,200,41
67,170,39
69,192,47
75,205,29
70,185,49
70,176,46
65,145,25
71,250,25
71,180,26
73,170,23
68,150,73
73,165,26
75,190,47
68,168,51
74,235,23
71,228,47
69,178,42
76,220,60
73,200,32
68,225,59
71,155,50
68,200,53
72,185,66
75,203,36
76,155,42
72,200,31
70,160,76
66,170,32
66,260,26
78,290,46
69,185,34
77,230,54
75,220,47
68,155,18
67,180,60
75,225,69
69,285,29
66,150,33
67,127,33
69,220,45
73,185,81
73,172,22
70,183,35
73,175,31
72,210,62
71,180,40
67,134,29
72,215,47
72,145,53
72,175,31
71,220,27
67,175,54
73,190,26
71,230,22
70,185,40
73,230,51
71,204,30
72,180,40
68,160,38
72,240,33
74,230,32
67,170,42
72,212,28
73,260,25
67,130,24
67,170,28
69,215,76
74,255,36
69,200,60
78,260,47
70,175,47
69,180,32
72,185,47
74,215,48
70,210,39
67,160,25
70,145,30
73,290,42
71,300,60
69,235,50
74,195,29
70,200,32
76,180,18
63,145,23
75,200,39
69,200,66
69,160,76
70,195,50
67,173,41
72,170,28
75,200,74
75,300,50
74,230,29
71,215,47
72,167,32
68,155,32
70,192,38
67,170,76
75,225,77
67,190,36
70,170,27
74,155,29
68,149,45
63,180,29
71,175,42
67,190,31
71,180,20
71,222,73
70,210,36
73,280,30
75,219,39
63,145,75
78,222,40
70,172,72
68,230,39
72,200,49
66,165,44
70,180,39
65,235,54
73,165,45
74,223,59
70,170,68
72,196,35
76,230,43
69,140,79
74,160,20
70,220,64
71,212,68
73,215,37
71,290,50
73,185,84
70,187,50
68,203,32
71,185,22
72,185,38
70,200,74
70,170,30
69,210,63
71,172,40
69,170,33
69,195,49
71,200,26
73,180,21
74,176,57
70,176,59
74,200,43
70,175,83
67,340,32
70,170,54
69,195,22
68,220,32
71,185,75
71,144,30
71,166,41
68,153,50
70,178,41
70,230,45
70,270,70
69,175,34
69,187,55
72,170,24
67,170,71
68,160,79
74,220,42
73,205,39
74,260,70
70,175,30
74,175,64
74,230,29
71,230,32
68,225,24
71,185,52
67,175,54
70,250,40
68,160,35
65,110,45
76,235,28
67,172,74
73,225,37
70,235,37
72,320,41
71,235,49
72,200,31
66,200,61
73,162,36
70,200,30
68,195,33
71,160,78
71,300,61
71,235,65
72,150,20
70,275,42
67,152,47
73,175,63
71,225,52
74,300,40
74,240,42
72,270,35
71,204,40
71,200,63
78,215,63
75,250,33
70,225,31
74,195,27
67,150,65
71,300,52
71,140,31
70,219,72
74,250,67
72,180,54
68,150,59
70,155,39
65,158,32
70,220,57
71,274,49
71,175,30
66,145,35
75,185,26
70,200,70
67,160,18
71,160,50
72,187,55
74,165,18
72,140,29
70,155,52
67,145,41
73,190,22
66,230,34
67,160,25
72,197,39
72,185,53
70,170,45
69,195,64
70,170,61
69,165,34
71,195,46
71,190,47
69,180,33
72,280,67
68,160,25
72,165,72
76,165,23
66,170,50
67,160,23
75,175,25
71,154,52
70,190,40
68,220,41
69,180,44
66,145,19
64,93,81
71,215,42
74,240,49
69,180,23
71,175,40
68,163,25
68,220,67
69,190,26
65,160,43
70,158,50
70,175,66
69,165,81
71,198,31
74,257,71
69,170,36
66,130,29
74,230,53
65,195,35
69,160,65
75,240,19
70,165,20
71,188,55
63,145,67
72,165,22
67,189,44
71,268,69
70,210,41
72,200,51
73,220,51
64,180,65
67,190,47
72,200,40
72,200,29
68,165,72
68,230,67
69,175,77
70,198,74
65,150,35
74,160,18
70,180,59
73,225,85
74,205,50
73,215,29
61,170,29
72,240,58
68,210,32
72,180,32
67,186,29
68,160,61
65,110,44
70,170,22
78,220,26
72,240,32
72,155,37
64,170,79
74,260,35
71,184,44
68,185,45
67,230,63
74,210,28
68,160,34
72,208,71
68,200,56
71,160,28
72,182,30
69,185,37
67,135,40
72,245,68
78,210,29
69,175,58
73,150,28
67,145,65
67,190,75
73,215,49
68,180,46
67,165,51
71,160,69
73,275,40
70,180,44
69,280,64
68,170,49
70,170,74
66,205,36
74,195,22
69,209,30
71,195,62
66,195,29
67,168,22
71,215,51
70,180,45
77,290,55
70,200,39
71,225,56
67,210,31
72,165,84
71,175,50
73,185,57
71,193,42
76,240,49
73,250,45
68,175,27
69,175,52
70,180,45
75,180,26
74,180,50
72,220,54
71,130,77
64,159,84
75,188,48
71,190,47
69,130,35
72,270,35
68,155,36
70,185,32
72,200,24
72,250,30
68,165,35
72,170,58
66,160,21
70,155,36
72,240,45
67,172,31
71,185,37
68,165,38
69,300,24
71,160,32
73,225,68
69,180,45
71,195,45
66,160,27
67,140,72
67,158,45
72,300,49
71,220,44
66,173,45
69,169,36
75,203,44
72,200,53
69,200,56
70,190,25
68,140,45
72,190,30
67,170,74
69,200,37
66,158,60
66,160,60
70,225,52
70,240,49
73,235,21
74,150,24
75,210,69
71,190,20
70,155,49
68,190,58
73,230,31
68,165,35
73,180,38
66,173,35
71,195,38
73,195,26
71,180,51
72,226,36
64,165,50
69,173,84
71,175,34
68,180,55
72,215,41
70,212,44
72,160,19
73,210,37
70,170,73
69,175,26
76,172,44
70,230,48
72,205,29
69,195,20
72,280,33
70,170,68
73,220,52
69,150,18
69,180,25
72,165,32
71,175,43
68,210,27
69,175,25
75,222,31
70,150,21
71,202,58
70,168,84
74,225,59
69,210,45
71,190,27
71,230,32
69,175,59
73,220,41
61,120,19
71,190,66
69,192,43
69,165,51
64,135,35
68,170,37
67,133,38
71,170,29
68,174,75
76,247,40
76,325,39
71,200,40
71,150,51
71,185,26
72,235,65
73,190,34
68,205,64
74,222,73
71,175,38
71,182,60
69,185,68
67,200,45
67,185,35
77,180,57
70,165,21
73,190,40
71,164,40
73,290,56
74,198,74
58,220,67
69,210,33
65,158,53
68,170,83
76,245,39
66,195,30
70,160,47
70,160,78
67,150,27
74,200,45
71,185,25
70,275,34
70,225,32
72,189,75
69,180,39
71,175,32
67,175,24
73,180,20
66,175,63
68,212,54
66,135,35
72,195,35
68,200,29
64,220,37
73,185,51
76,225,28
69,180,63
70,200,80
72,222,50
68,185,37
74,210,26
74,180,51
71,215,56
70,152,24
68,148,68
69,165,37
70,230,26
68,145,23
67,160,35
73,148,35
68,165,45
68,190,81
70,210,47
73,180,46
75,290,19
73,152,52
76,214,25
68,171,32
72,220,53
65,225,61
72,150,21
82,225,20
67,210,21
74,235,24
66,175,31
67,180,42
66,157,32
71,195,39
71,190,29
76,265,50
70,127,26
66,165,32
67,180,56
69,145,46
62,160,60
77,196,19
75,235,29
69,172,72
73,205,26
69,162,70
68,150,44
72,175,19
70,230,37
65,189,62
65,162,70
68,155,48
71,240,34
71,211,44
69,163,40
72,220,29
62,230,44
68,150,41
70,155,29
67,155,85
75,172,43
70,156,43
68,162,46
67,141,28
72,170,33
66,140,19
70,250,56
71,220,62
74,200,83
81,285,35
72,185,68
69,215,20
70,186,36
72,265,30
74,228,33
66,145,37
74,248,37
74,220,43
62,133,61
61,125,27
65,160,72
72,170,20
72,180,28
66,151,53
70,220,74
79,255,22
72,190,35
70,170,43
67,145,33
70,170,30
70,175,34
74,235,49
70,211,62
70,182,53
73,140,19
68,170,32
70,150,76
73,145,39
72,260,58
73,150,21
71,240,29
70,235,44
73,150,67
71,160,24
72,220,58
64,125,38
66,200,41
66,145,43
69,180,21
70,143,29
82,192,57
74,190,35
67,155,36
74,315,34
68,190,61
69,155,19
73,185,26
70,183,64
67,155,21
71,185,45
68,170,24
70,145,30
70,175,56
74,180,22
72,204,34
62,195,20
67,150,44
73,219,68
66,120,82
64,128,69
69,185,29
70,163,72
73,180,19
69,175,72
69,240,36
65,155,82
70,160,68
67,160,27
74,200,36
68,153,45
72,200,45
73,175,28
68,200,42
67,143,32
72,240,65
70,125,67
71,195,21
70,248,58
70,130,22
74,205,50
71,165,52
70,190,51
67,165,64
68,155,84
73,192,66
68,160,25
73,185,65
73,180,30
69,168,47
65,190,58
72,150,25
72,220,37
72,165,26
68,140,28
69,200,39
66,150,22
72,310,52
72,210,38
72,245,42
65,155,59
72,200,39
66,164,32
69,150,83
70,180,22
71,212,41
72,230,41
70,135,20
65,150,22
68,170,42
66,200,37
71,188,53
70,180,35
74,173,82
76,230,33
67,140,25
72,220,36
72,180,50
70,210,87
68,170,49
67,210,33
69,185,28
75,215,25
71,215,57
69,180,29
67,220,39
75,260,49
73,208,71
69,175,59
72,220,49
69,185,79
74,245,42
70,165,58
68,170,62
74,256,38
71,260,61
75,280,44
73,135,19
67,165,18
71,210,35
73,205,55
71,200,39
73,190,19
74,200,61
70,190,71
68,180,30
74,195,45
71,175,45
66,145,21
69,165,32
70,180,18
67,172,71
74,230,25
68,178,19
61,175,73
70,170,40
68,200,24
69,135,72
73,190,57
70,170,53
70,153,34
70,160,55
72,190,56
68,185,38
75,225,21
76,197,72
72,190,35
68,140,54
69,164,88
72,220,63
70,195,51
64,125,44
72,215,57
70,278,36
72,189,59
72,185,50
73,160,21
74,245,72
67,160,34
74,195,21
71,245,45
72,166,71
69,200,49
70,170,68
72,235,23
72,185,59
71,155,36
70,175,54
74,230,42
72,170,18
71,175,51
74,200,30
74,190,72
69,130,20
66,145,57
73,240,32
68,160,65
65,165,45
72,190,64
72,232,70
77,230,43
72,170,41
80,330,47
72,205,47
69,156,53
65,125,63
67,157,38
74,222,32
71,205,43
74,210,51
72,200,35
67,160,33
69,195,63
70,152,19
71,242,57
74,275,31
66,158,61
66,135,37
68,185,80
68,210,59
70,178,31
70,175,66
72,245,51
64,180,33
70,189,75
74,190,30
75,240,40
71,180,40
72,185,35
73,225,41
68,130,75
75,260,49
72,160,30
67,178,59
62,165,74
69,198,35
74,240,63
70,210,64
68,205,58
72,240,41
69,145,23
70,176,69
67,185,28
68,198,42
70,206,69
72,210,48
70,190,30
71,250,18
70,190,60
71,185,41
76,210,39
71,185,41
71,160,73
66,170,33
69,220,24
69,165,58
72,185,65
70,160,52
72,225,28
73,187,36
69,175,38
67,170,68
62,148,63
69,210,40
67,150,62
75,260,45
67,140,37
70,192,36
68,209,26
72,175,22
72,285,38
76,180,67
71,185,25
73,170,76
67,140,23
73,250,48
66,150,47
66,164,34
69,150,28
68,160,67
73,155,24
66,130,31
68,150,22
72,215,74
66,150,38
72,220,47
72,165,60
72,180,47
68,200,33
71,178,34
74,170,79
72,230,34
72,175,54
71,204,35
73,185,42
69,150,58
68,180,53
65,145,44
67,200,40
68,234,65
71,180,22
71,165,29
70,180,57
70,195,37
73,200,63
74,175,38
68,180,38
70,168,72
65,159,46
69,210,65
66,158,54
69,220,43
72,200,57
70,200,39
75,280,18
73,176,35
70,210,50
69,175,56
69,125,19
70,180,43
73,250,23
65,177,51
69,150,46
74,190,28
71,158,82
76,200,37
74,205,65
69,175,83
72,195,37
66,151,82
66,140,44
73,245,43
71,195,31
70,190,30
66,160,48
66,165,43
65,159,57
69,155,33
71,160,21
70,185,36
72,240,25
73,200,57
74,220,58
71,170,29
68,190,35
74,230,62
73,200,69
73,195,25
71,206,77
68,190,71
76,290,53
69,160,57
68,166,22
60,160,60
71,230,26
67,198,35
68,165,38
73,220,22
66,203,35
66,160,37
72,175,45
71,160,29
71,175,31
69,185,51
68,174,52
66,168,33
75,268,53
66,215,39
66,186,67
71,180,22
70,170,35
74,195,38
68,130,18
69,180,36
71,200,42
71,165,33
70,170,58
73,185,32
70,186,67
66,205,24
76,295,35
70,200,64
70,190,76
74,248,28
72,150,31
69,180,25
78,252,70
71,258,58
68,184,57
69,175,20
74,215,32
67,153,46
68,180,51
65,165,64
70,203,18
70,160,30
68,150,26
75,280,21
71,145,54
70,160,40
72,180,39
73,185,66
75,240,21
74,190,41
70,305,51
70,190,39
67,155,22
70,175,39
72,185,40
69,165,37
70,175,47
72,160,88
67,189,61
66,165,89
62,148,77
67,180,29
68,175,34
69,144,57
69,196,55
68,192,49
70,160,83
71,230,57
68,260,49
73,187,40
71,280,45
68,135,28
69,150,67
71,193,47
70,140,28
76,350,51
70,155,18
70,140,69
69,160,28
73,263,53
76,225,38
74,220,42
72,170,25
67,150,26
75,197,53
67,175,68
70,140,25
70,240,44
72,210,29
70,250,37
74,190,62
68,175,75
70,195,77
72,170,57
68,160,67
74,240,27
70,205,29
74,206,38
68,135,32
67,135,42
65,135,42
73,250,48
68,190,40
75,239,63
68,145,47
69,180,38
68,165,59
68,210,52
67,150,44
74,203,23
71,175,43
74,210,53
74,135,54
68,200,66
71,175,65
65,158,54
70,240,72
69,220,34
74,220,53
68,130,32
71,205,57
74,186,30
75,200,30
67,155,33
70,185,55
71,160,28
66,180,47
72,185,25
66,178,52
73,205,36
75,190,60
69,180,20
70,165,29
71,230,31
71,184,68
74,210,41
70,170,55
68,160,77
75,235,21
71,175,82
69,169,28
76,200,49
73,94,52
66,200,79
71,200,37
69,180,49
70,203,47
73,180,46
75,195,53
76,223,20
72,170,18
66,157,31
71,175,35
67,200,39
71,248,76
68,135,37
68,160,18
72,160,36
67,140,59
67,278,35
72,163,24
70,205,46
73,200,38
67,170,42
72,190,71
72,230,51
70,220,58
69,175,62
73,250,43
66,170,51
66,135,45
67,152,72
67,174,76
76,205,42
70,176,35
68,195,67
70,160,23
67,155,48
70,150,40
66,164,37
75,200,52
72,185,52
66,163,45
72,200,54
71,151,89
70,165,45
66,142,43
72,200,54
67,190,19
76,245,32
74,185,39
69,165,71
70,185,26
65,220,66
68,170,46
70,172,43
68,175,36
69,170,57
76,185,46
69,185,41
73,235,28
67,207,70
70,152,38
67,128,84
71,195,21
73,190,40
71,180,69
67,176,44
72,200,61
68,213,36
70,200,83
71,180,68
68,155,55
66,145,72
64,148,66
73,180,28
72,185,42
72,175,43
65,280,57
72,185,32
72,210,26
66,190,39
74,236,37
71,200,80
66,185,65
74,210,77
71,180,29
69,165,38
67,150,25
68,175,29
71,160,67
72,192,39
67,165,34
69,185,55
69,150,48
70,216,33
68,210,63
69,200,54
67,175,24
73,170,48
71,218,69
73,160,45
65,125,30
70,172,61
72,175,35
69,205,40
66,155,47
69,158,73
68,180,42
69,168,80
74,160,18
71,185,43
70,165,37
69,155,32
70,170,34
72,230,24
72,202,49
72,275,33
73,210,56
66,175,73
70,246,36
65,260,54
67,180,24
66,148,30
73,160,18
67,143,71
75,200,35
68,350,44
70,165,23
68,160,69
66,160,88
69,220,42
68,159,41
72,260,54
66,120,51
76,238,37
73,240,34
71,182,82
70,200,30
70,180,66
72,205,43
69,190,40
72,193,39
71,190,52
72,198,34
70,182,40
71,278,49
67,160,36
71,228,53
69,150,75
73,255,49
70,205,51
68,160,45
67,170,70
70,180,29
74,250,33
70,140,26
75,230,47
73,175,48
72,175,23
75,225,23
66,185,67
66,160,20
63,180,33
71,190,40
70,186,52
68,245,68
73,180,59
71,190,61
72,145,21
71,240,40
71,230,36
70,205,57
72,190,37
71,205,48
67,125,33
71,180,72
73,205,53
71,170,59
74,197,79
67,170,33
65,170,27
71,190,83
66,140,65
68,165,32
69,181,84
76,240,26
67,147,30
75,190,27
70,185,53
70,188,44
68,190,65
71,260,55
65,190,83
67,145,75
70,225,38
69,165,74
66,180,40
72,235,25
72,180,42
74,205,47
74,185,38
78,225,28
66,134,27
73,170,42
70,148,45
69,135,24
68,175,28
70,163,70
69,170,20
71,220,45
68,158,34
67,175,36
70,210,29
72,130,26
73,190,46
70,190,32
73,180,53
71,147,19
72,260,33
65,170,34
69,218,24
75,200,30
75,270,56
72,127,82
64,132,52
74,225,52
68,155,33
69,230,55
74,235,27
67,150,25
66,160,65
69,290,40
73,225,51
73,190,23
71,225,51
68,160,63
71,200,56
72,145,55
69,195,40
72,145,76
71,175,27
73,190,36
69,152,24
60,99,28
68,195,30
68,160,22
68,160,30
66,140,54
70,175,36
68,155,57
73,185,39
69,160,68
76,350,24
72,250,46
70,238,36
69,153,41
74,183,26
70,212,66
69,170,44
70,165,31
71,200,69
66,205,53
68,190,42
73,163,19
72,215,45
71,175,41
68,145,41
72,185,61
68,160,73
70,150,40
76,220,35
73,205,27
67,165,25
68,195,22
72,150,21
69,160,27
70,180,48
68,180,68
71,170,46
74,230,53
71,195,72
72,265,28
62,100,32
72,200,53
71,185,18
66,155,41
69,160,35
72,170,46
71,145,57
69,200,76
68,165,36
70,150,60
69,192,80
67,177,32
72,240,62
68,190,36
75,235,40
71,178,51
73,195,35
68,173,76
76,210,42
67,150,60
72,190,37
72,200,61
68,165,47
70,195,28
69,181,41
75,220,54
72,210,52
73,190,33
70,225,40
73,195,38
70,240,54
66,170,32
68,200,48
74,178,65
72,200,65
73,190,53
68,160,26
66,155,35
66,150,27
66,178,74
71,185,40
71,170,58
65,155,69
74,180,26
73,260,51
72,185,35
66,167,53
70,155,79
70,215,54
65,215,62
70,140,60
68,220,56
72,215,44
75,220,41
65,161,41
65,170,62
64,150,58
72,257,50
72,170,24
70,228,32
72,255,39
66,180,26
68,152,27
68,215,35
66,165,41
72,130,35
71,204,87
62,119,61
71,170,29
69,165,64
75,175,53
70,180,22
70,215,59
72,240,29
71,180,53
73,210,42
72,208,69
72,205,58
74,225,34
70,216,77
74,165,23
67,130,25
63,158,63
68,172,42
72,185,29
76,180,30
76,280,38
70,225,26
68,180,50
71,172,79
62,110,20
67,180,56
67,190,67
70,190,70
70,180,21
66,183,59
66,167,63
72,280,36
68,165,86
70,162,19
72,164,40
64,140,27
71,268,33
73,145,23
72,210,49
69,200,22
72,220,73
75,250,49
70,153,43
69,195,46
72,210,38
68,168,37
67,180,46
72,230,32
69,203,45
68,172,71
73,163,18
70,170,48
71,165,24
69,163,43
72,230,63
71,175,26
72,180,39
73,220,23
70,200,35
71,170,36
72,300,38
72,170,29
75,240,35
69,165,47
69,176,26
66,205,66
71,185,59
71,195,37
70,180,25
66,165,35
78,185,43
75,185,44
74,200,22
66,204,43
67,130,63
73,235,63
71,185,45
72,180,58
66,178,74
72,210,40
69,155,25
68,200,77
72,200,43
72,240,47
72,210,25
67,155,58
72,210,43
71,170,35
75,195,36
66,130,45
74,155,59
73,170,60
66,190,46
72,170,66
66,136,52
68,180,40
69,170,60
71,137,40
68,155,49
68,190,41
70,207,37
76,200,38
69,178,60
71,155,31
71,260,52
71,171,63
72,175,28
69,140,79
74,238,52
69,147,62
69,195,48
70,130,23
69,162,63
74,175,20
70,210,45
68,132,40
77,290,49
75,190,50
63,140,30
74,235,46
72,195,57
72,175,34
70,225,56
71,245,29
68,125,18
72,150,78
69,145,22
70,165,36
68,205,35
72,190,58
71,165,41
73,216,59
69,145,19
75,220,48
72,149,39
67,154,74
71,215,43
69,131,36
74,198,73
77,215,44
72,190,35
75,275,42
70,160,72
69,150,62
71,240,27
74,220,46
70,168,34
76,280,21
68,195,46
72,305,46
73,200,44
71,200,32
72,165,61
74,200,45
68,240,44
69,178,51
71,180,25
72,180,34
66,155,34
62,105,42
70,216,64
71,230,70
74,215,67
67,200,56
74,208,49
71,165,35
66,230,55
72,230,40
71,163,52
70,185,55
72,220,27
71,252,64
72,180,20
71,220,33
72,210,48
69,175,38
75,190,45
69,175,52
73,170,46
75,250,50
74,210,37
72,190,49
73,205,49
68,160,72
79,240,28
73,230,65
68,180,38
73,230,42
74,170,31
67,205,70
70,195,30
76,240,43
75,275,46
72,185,50
69,185,35
71,195,62
70,190,20
70,151,48
74,195,41
73,200,30
73,220,65
68,245,44
70,150,32
73,205,67
68,150,44
70,198,43
69,200,21
73,186,38
70,180,66
68,205,42
73,210,49
71,212,25
74,180,46
68,165,43
72,220,40
72,182,85
66,160,50
77,185,50
70,155,37
72,215,19
70,195,48
68,160,30
69,200,32
63,160,34
68,160,40
68,165,48
66,145,35
71,218,39
66,145,19
70,185,34
76,210,40
67,175,51
67,153,55
72,170,30
70,215,44
66,160,23
69,165,30
68,199,80
71,180,61
69,150,42
75,200,30
69,230,69
70,190,45
74,185,21
64,145,39
66,165,31
77,280,43
64,156,18
72,215,31
68,350,40
65,160,43
74,175,23
69,215,44
67,200,52
72,180,23
72,218,36
71,200,66
67,190,74
71,180,29
72,140,23
72,160,61
67,178,52
68,220,55
72,180,75
68,171,73
65,131,70
67,140,34
70,180,45
75,250,57
71,220,18
73,200,61
73,240,52
68,235,53
72,190,48
74,187,35
67,157,30
70,190,83
63,185,30
72,190,29
73,185,28
74,220,48
68,160,61
69,170,45
72,230,49
72,168,57
69,190,48
72,170,35
70,185,52
65,150,29
68,200,42
74,250,54
73,160,43
72,180,25
71,185,72
75,270,72
71,210,57
77,330,52
69,165,81
75,250,19
67,178,28
68,142,31
70,230,24
64,185,77
71,200,39
71,193,40
71,182,77
69,205,26
70,165,47
72,155,18
74,240,24
75,219,53
79,252,25
72,190,54
71,160,44
66,158,35
75,185,42
64,170,29
69,248,61
76,230,42
74,170,30
70,240,33
72,228,28
69,205,43
66,190,36
73,175,46
66,153,44
68,280,53
69,170,44
70,175,36
77,250,47
74,195,39
67,220,32
71,180,21
73,265,51
71,179,48
67,180,51
71,165,20
71,175,61
71,116,67
75,175,48
70,170,78
70,230,59
63,120,27
72,190,39
70,195,40
69,220,29
70,170,32
69,135,36
69,135,19
71,180,30
73,175,19
74,205,55
72,220,35
74,260,26
69,205,51
69,187,58
72,195,66
69,190,26
67,220,47
69,170,83
69,180,59
73,230,39
72,195,27
69,155,44
68,170,39
69,161,35
65,250,39
70,185,93
71,195,30
69,180,67
66,130,30
70,225,54
67,135,28
69,189,43
69,175,71
72,180,34
72,190,51
69,165,43
66,145,29
64,118,36
70,165,55
65,160,47
70,193,37
72,180,44
65,150,74
68,155,58
64,195,40
73,200,78
72,170,49
68,140,31
70,172,59
76,200,18
69,177,39
71,180,32
73,190,65
65,174,58
67,168,75
70,185,41
65,145,27
70,206,50
70,230,67
74,165,18
67,168,47
70,260,56
68,150,46
73,175,35
66,158,43
69,170,72
70,180,34
73,232,36
66,165,33
66,180,31
65,166,30
69,175,28
73,169,63
71,179,30
65,150,39
69,250,50
72,258,63
72,220,50
70,270,28
72,160,41
73,230,26
70,180,31
72,160,18
75,235,27
69,155,36
74,161,41
77,210,23
73,210,47
69,158,52
75,208,54
68,180,30
73,190,35
71,145,58
71,195,48
69,210,35
73,210,27
73,262,40
72,245,49
70,225,33
71,178,90
66,155,45
70,178,78
67,205,43
74,190,52
70,205,22
72,200,67
77,200,18
72,150,56
70,188,39
70,165,53
72,195,35
75,170,52
72,170,47
73,240,53
67,157,79
73,210,34
66,165,32
66,156,59
72,200,38
74,180,80
72,190,27
74,225,47
74,180,23
70,190,22
75,260,35
73,135,33
71,190,37
70,162,45
69,155,57
69,225,52
71,190,65
75,204,63
71,155,19
66,135,77
71,195,34
71,181,84
71,195,58
74,200,33
75,290,41
69,210,61
66,179,91
72,190,42
68,190,50
64,220,27
73,190,53
76,241,69
72,200,49
71,160,28
67,180,73
70,195,51
71,234,36
71,180,37
69,175,36
74,215,47
67,180,39
70,180,61
72,205,26
71,170,34
68,165,27
67,150,36
71,175,28
72,190,54
71,140,39
67,140,20
70,210,26
70,160,54
74,220,53
71,175,54
75,160,22
64,160,40
72,170,69
75,212,63
67,154,30
68,165,40
73,190,50
74,200,38
72,220,47
72,210,27
73,180,69
74,200,22
69,160,59
69,150,23
66,149,58
73,241,39
67,185,48
68,160,43
71,160,19
72,210,51
67,207,29
70,187,32
72,180,36
72,185,41
70,160,82
70,155,23
72,300,40
68,168,47
75,180,20
70,160,22
73,179,21
66,160,24
69,175,33
70,140,56
69,390,52
70,215,41
71,200,68
70,105,82
66,158,65
72,300,57
69,220,61
69,190,20
69,182,28
72,190,52
70,162,65
74,185,31
73,185,23
70,178,50
73,300,49
70,165,38
72,185,71
71,218,58
69,185,68
67,175,27
68,188,53
66,142,77
68,165,47
67,186,58
72,230,58
76,260,33
67,170,18
67,165,41
68,165,27
71,187,40
72,160,79
67,140,24
76,275,40
70,185,61
71,205,53
72,235,36
72,195,40
71,200,73
72,220,51
68,125,57
69,141,19
65,180,27
68,185,52
76,250,44
73,205,30
72,273,34
70,180,50
71,195,70
67,165,39
75,200,22
72,140,63
75,170,41
72,174,60
70,155,27
76,260,49
71,250,39
67,185,74
73,275,40
67,183,29
72,155,37
73,225,31
74,170,47
67,300,58
72,195,52
72,195,40
75,160,21
71,180,25
67,155,47
71,250,46
71,170,60
71,190,41
71,155,18
76,200,43
75,195,46
70,177,54
73,190,18
67,178,32
67,137,61
74,220,39
77,195,41
72,190,26
65,210,53
66,170,52
73,200,31
67,235,54
70,174,50
77,227,56
70,166,70
72,202,23
69,155,27
77,240,32
71,180,28
73,145,21
69,210,43
68,198,44
67,135,84
71,210,53
58,118,83
67,200,47
65,185,76
70,144,60
72,208,41
71,170,18
72,190,21
69,180,67
73,215,54
67,142,58
76,245,36
68,210,25
69,165,70
66,200,54
72,155,40
71,162,55
73,215,28
65,135,58
72,198,40
73,180,46
77,195,24
73,215,40
68,260,47
68,185,50
79,240,24
75,260,43
69,165,71
71,270,52
67,157,49
71,180,66
72,240,71
67,188,51
65,165,55
73,200,36
73,225,30
73,175,26
67,185,28
71,170,64
72,210,45
67,180,65
70,220,44
75,165,50
75,230,57
65,160,48
71,176,38
70,170,87
70,165,19
72,137,19
65,185,35
70,135,31
74,210,24
62,138,58
70,180,68
63,135,40
70,165,18
68,175,44
70,200,35
63,155,79
68,165,50
67,170,57
68,175,48
71,140,18
70,185,60
71,180,30
72,210,50
70,245,35
77,195,53
71,164,41
68,200,65
68,155,38
72,160,30
66,150,30
72,222,47
73,150,28
68,180,80
72,208,28
69,175,27
72,195,42
78,200,28
73,250,48
72,200,42
70,160,29
71,190,32
65,140,69
72,165,29
72,175,40
68,173,27
71,200,28
68,165,57
70,187,42
67,165,44
69,160,41
70,175,79
76,240,40
74,240,49
62,131,80
72,185,64
70,200,28
67,155,72
70,170,65
69,195,38
69,170,38
70,195,28
75,275,35
66,160,70
68,220,49
70,165,28
68,200,49
67,130,85
68,195,28
72,155,78
66,130,41
68,165,33
69,180,23
76,200,42
74,155,21
75,200,45
73,230,47
74,175,60
73,180,52
71,178,74
69,136,35
71,180,49
67,195,30
74,210,41
72,160,50
71,197,77
64,97,84
64,150,46
65,145,53
70,165,29
70,200,38
73,185,60
71,250,32
76,220,40
67,200,40
72,195,47
67,200,59
70,210,49
67,200,39
71,170,49
72,173,42
63,110,36
67,150,21
71,250,59
69,165,49
66,135,23
73,184,47
70,135,34
73,180,18
71,155,38
73,300,29
70,175,37
76,235,28
71,238,42
70,327,45
60,140,23
68,160,27
70,154,46
72,190,54
71,201,43
72,132,75
74,185,33
69,220,30
77,257,61
66,150,20
64,152,60
71,240,48
70,180,43
71,220,64
70,185,33
74,225,35
70,195,45
71,172,89
75,270,51
71,190,54
72,210,57
66,160,24
74,205,36
74,190,40
70,190,77
70,173,72
77,255,43
69,173,54
69,160,24
81,150,77
74,195,80
68,190,48
71,172,82
72,190,57
68,190,32
72,210,34
70,188,30
66,146,61
73,175,36
69,205,34
62,142,40
64,155,46
72,175,52
68,190,38
68,150,27
74,215,41
74,350,28
66,220,50
69,205,39
69,180,72
67,145,23
72,184,55
71,190,45
72,165,20
71,165,59
71,205,34
68,185,68
70,189,62
70,165,37
70,174,37
71,120,31
72,190,33
71,165,24
65,183,63
71,212,66
71,180,52
64,165,53
77,170,47
72,175,50
69,200,39
68,160,83
65,155,80
66,125,28
64,138,58
68,170,37
71,190,40
70,170,43
72,200,35
71,180,55
72,180,45
69,193,23
72,165,31
76,270,26
72,165,27
69,190,56
70,160,29
69,165,54
69,224,42
72,200,19
73,290,52
68,235,76
70,240,39
71,170,64
71,185,34
74,210,41
70,150,22
68,175,41
72,255,34
71,220,27
72,200,66
73,185,43
66,180,26
79,190,22
67,185,28
73,180,45
72,220,57
74,218,33
67,182,24
68,220,64
68,159,40
69,200,27
76,180,41
69,175,57
69,163,38
62,141,79
74,180,33
66,156,69
67,160,37
74,186,41
70,285,25
65,180,71
68,225,53
67,180,45
67,160,60
71,200,40
72,150,27
77,210,37
68,205,38
69,150,52
72,190,83
70,245,58
64,125,24
73,160,22
73,200,30
71,175,44
68,144,35
68,180,73
69,175,22
70,180,49
71,200,41
70,175,58
72,200,67
70,200,73
69,135,30
68,165,56
71,165,30
69,190,33
69,185,50
74,220,51
69,220,71
68,190,64
66,200,83
72,208,26
68,153,42
72,315,26
75,185,21
70,175,35
71,162,74
73,165,21
70,168,51
65,195,33
68,235,41
70,205,42
76,200,42
66,177,33
72,178,58
76,215,20
67,170,40
67,175,37
68,270,39
74,250,42
76,225,66
70,190,63
68,162,24
72,150,44
65,190,34
70,190,28
71,245,28
68,179,74
71,230,50
67,152,70
72,195,39
74,170,24
70,140,21
73,230,30
68,160,31
74,195,77
73,200,31
67,158,69
70,165,34
69,255,46
74,160,21
67,175,61
72,175,32
74,230,63
74,210,40
66,135,25
71,178,53
73,295,28
72,205,70
69,170,43
69,165,42
67,174,38
72,215,49
72,185,29
76,165,28
71,180,37
67,145,22
72,160,53
67,214,66
72,202,76
65,165,19
69,200,38
73,215,57
73,170,23
72,183,21
69,205,50
68,160,25
71,160,19
72,250,48
73,210,32
76,235,65
72,165,35
70,180,25
70,170,63
67,184,48
69,145,22
68,187,48
75,190,22
75,191,51
69,154,52
66,170,59
68,165,67
71,200,50
72,225,47
71,215,61
69,170,46
72,155,19
71,180,63
68,160,29
66,125,81
71,250,21
66,290,43
72,190,44
75,225,42
73,175,53
69,165,51
71,210,53
71,180,50
73,180,47
65,177,67
73,165,36
70,180,67
73,260,36
68,154,73
71,195,45
65,235,59
71,185,64
76,200,46
72,290,38
71,225,42
70,185,79
68,180,42
69,195,35
75,140,21
70,225,47
69,195,67
71,175,51
67,160,43
70,170,24
71,318,58
76,215,24
67,155,56
71,200,57
66,215,26
70,160,71
70,205,29
74,225,23
66,140,44
65,192,25
68,150,25
70,180,57
78,240,29
72,210,46
69,168,80
73,201,50
68,178,60
70,195,47
68,195,82
66,148,31
71,155,82
72,189,43
71,195,55
67,162,80
70,205,35
72,210,64
65,146,52
66,130,76
72,175,41
75,215,59
71,183,28
68,160,48
71,215,58
68,160,38
69,205,62
72,165,59
71,150,53
71,182,31
76,225,43
68,230,31
69,175,83
67,155,38
71,170,71
73,205,42
69,190,53
73,180,30
65,200,44
72,175,24
70,215,40
75,215,48
70,190,53
73,210,66
74,220,72
66,145,65
68,165,33
69,202,80
71,128,18
62,145,31
73,160,21
73,230,33
69,210,83
71,210,40
67,130,41
72,200,48
72,180,26
75,220,49
71,290,20
71,150,49
74,165,27
70,180,62
70,200,85
75,238,63
75,185,37
72,200,55
68,210,48
72,200,40
71,185,24
67,160,19
75,135,27
72,225,33
67,170,50
70,160,59
71,200,26
68,184,42
74,265,32
72,195,42
71,190,41
69,182,69
71,180,19
71,245,72
73,230,42
69,177,55
68,200,51
70,180,40
72,150,64
68,170,55
72,142,22
65,150,39
72,208,55
73,190,30
70,148,44
73,210,67
70,160,81
68,185,78
68,185,48
70,165,27
64,160,40
71,195,21
63,130,33
74,180,74
72,190,44
70,209,32
65,167,35
72,285,35
71,170,21
72,150,18
72,165,35
68,160,55
72,220,37
68,150,23
66,160,41
73,175,20
74,235,68
69,147,63
71,220,19
76,240,30
71,230,30
73,305,39
70,112,74
71,240,34
73,177,21
77,235,47
66,152,21
73,180,31
66,175,71
72,245,33
68,180,33
73,185,32
69,200,29
69,215,48
76,300,55
74,210,27
74,250,55
72,220,55
72,190,70
67,155,39
72,175,44
70,180,65
66,150,57
70,170,48
71,165,53
70,185,49
72,200,35
70,185,23
72,200,54
69,170,32
68,160,30
69,155,92
72,275,42
68,153,43
72,167,56
72,165,62
73,210,36
71,228,65
75,210,66
74,220,25
73,240,50
70,210,49
71,260,31
73,245,50
69,205,44
74,272,45
70,220,46
72,175,28
67,138,59
68,175,50
69,180,23
71,210,33
70,205,64
73,215,45
68,175,30
71,200,46
65,140,32
68,180,52
62,140,22
70,195,40
74,170,27
69,170,38
71,180,66
72,200,64
65,131,60
67,186,38
70,235,22
73,240,27
74,203,67
67,160,23
71,165,25
68,160,33
70,174,60
72,200,80
64,145,22
67,198,72
74,250,49
68,210,37
74,160,23
68,150,27
71,200,46
68,175,45
76,225,24
67,350,40
69,152,50
67,145,28
76,170,18
72,170,49
74,200,52
72,170,80
67,180,62
71,225,33
72,180,47
68,185,31
68,256,39
69,180,70
69,190,30
73,215,47
70,185,44
72,160,20
79,162,32
75,205,20
66,200,78
72,270,51
75,130,28
70,180,32
74,165,73
73,195,59
68,215,53
69,210,31
72,225,61
72,250,41
72,195,37
73,190,36
70,220,49
71,165,35
70,180,56
68,185,49
68,180,84
72,170,39
74,195,36
73,190,19
66,150,46
66,150,34
74,210,52
71,160,67
67,165,75
62,138,41
71,190,21
75,230,28
69,215,33
71,205,42
73,190,73
65,100,50
67,180,59
68,170,22
68,160,29
72,225,38
65,165,40
75,220,48
72,190,44
64,150,41
72,227,32
70,250,45
71,175,68
69,165,30
69,170,67
71,185,42
69,180,65
70,160,37
73,220,44
70,260,53
72,215,81
71,230,45
66,230,21
71,190,32
67,185,37
70,200,50
68,160,39
71,191,54
69,195,61
70,165,40
70,185,80
70,220,74
70,190,60
67,155,70
72,195,47
67,165,41
66,162,73
66,190,24
73,215,47
66,145,43
72,145,63
70,205,55
69,210,31
69,147,32
70,170,38
77,270,53
75,215,77
73,200,19
74,210,61
70,180,47
78,255,48
70,183,46
73,220,59
74,191,34
67,165,34
71,170,41
67,190,44
72,200,55
71,160,59
72,185,55
66,120,19
73,160,22
71,165,42
70,204,63
71,190,18
80,182,28
70,195,49
73,180,24
70,170,30
73,195,55
68,175,38
70,160,25
73,163,38
71,195,50
69,182,65
68,155,19
76,240,35
72,200,76
68,138,43
70,180,50
70,200,51
69,183,66
73,200,24
64,165,72
76,220,55
69,155,30
72,290,31
68,145,18
74,210,55
74,205,49
72,155,28
71,200,71
74,165,31
71,160,28
74,260,36
67,175,35
72,175,26
68,195,52
63,230,48
72,175,48
70,225,29
71,205,30
73,350,64
70,170,33
72,180,36
62,120,38
71,180,38
80,185,19
75,240,54
72,195,30
72,185,27
75,230,62
71,190,65
73,195,66
70,188,50
72,165,40
66,185,50
70,200,43
68,150,44
71,170,65
72,170,53
67,165,50
74,298,26
73,178,42
70,190,26
72,175,42
73,242,61
71,145,68
70,204,65
67,180,40
71,240,46
69,155,83
72,240,66
73,155,64
70,170,23
70,188,51
73,170,21
69,145,53
68,210,39
71,205,68
70,175,44
69,135,73
71,195,27
69,267,59
71,160,46
73,280,43
68,185,34
73,290,27
69,150,44
72,180,59
66,150,69
73,190,38
70,180,27
74,180,65
70,185,57
75,210,51
73,230,33
71,170,34
64,135,19
71,250,49
66,140,43
74,280,62
72,180,84
68,170,48
72,220,29
71,205,27
69,285,58
72,210,69
76,385,43
69,148,22
67,185,40
73,215,42
71,180,24
70,252,34
68,165,48
64,150,73
70,160,92
72,200,37
72,200,63
71,160,40
72,190,45
73,170,21
66,185,43
69,150,47
72,185,32
71,195,54
68,185,52
66,140,41
71,165,44
70,160,39
71,187,36
63,125,48
68,145,39
69,175,54
70,185,64
72,230,49
68,230,48
72,190,75
68,135,26
67,181,44
73,196,65
71,173,73
69,152,37
71,173,20
79,330,39
71,245,28
70,270,37
64,175,32
68,165,36
69,200,78
70,230,35
76,185,26
66,200,20
71,138,67
68,153,78
67,143,58
71,295,34
70,165,22
67,150,23
72,180,46
68,158,84
73,225,37
73,183,33
72,208,19
70,150,69
74,205,46
68,160,62
66,200,37
72,290,61
72,200,60
71,195,31
68,175,28
67,130,59
68,150,65
72,200,49
70,175,21
73,160,54
71,160,24
76,195,33
67,175,78
72,210,46
71,250,33
68,135,38
69,155,65
66,170,39
70,220,36
70,210,58
74,185,55
71,165,44
67,190,28
71,230,46
71,195,24
68,280,43
73,230,35
69,170,34
67,175,47
75,210,19
71,170,78
66,151,57
69,235,55
70,207,49
64,168,30
71,159,39
74,180,49
70,202,65
71,175,25
73,228,74
73,196,47
66,120,19
66,171,31
68,180,85
69,270,27
67,160,77
72,180,31
71,185,48
70,200,55
72,170,69
69,165,26
70,170,41
72,230,26
70,235,62
70,170,28
70,150,48
70,250,39
71,150,28
71,190,42
71,189,45
69,290,50
70,165,68
72,199,50
66,180,48
70,170,33
71,200,38
69,188,32
66,145,22
67,165,45
73,214,64
70,200,64
68,140,25
71,195,51
71,200,66
71,228,37
71,230,61
71,174,34
72,185,43
68,175,53
72,165,67
68,158,47
70,242,30
74,183,26
73,235,44
68,195,26
70,169,45
69,165,58
73,225,21
71,185,23
66,135,20
69,200,51
72,190,41
71,175,33
73,170,87
67,163,49
70,145,45
70,189,77
70,260,54
69,170,56
67,140,34
72,212,49
73,180,24
71,215,31
71,175,18
72,170,27
71,172,34
69,185,62
75,300,23
69,180,65
72,170,59
72,200,41
73,175,43
65,140,35
66,155,22
66,168,75
71,185,50
74,230,69
66,155,80
72,175,39
71,180,28
71,270,37
70,185,83
74,185,33
72,210,36
70,180,38
70,175,47
72,232,41
72,190,63
73,175,18
70,220,25
70,190,38
70,170,40
68,240,41
70,185,43
72,215,45
68,170,32
71,192,58
70,170,35
61,205,71
71,190,19
69,165,44
68,210,45
69,170,37
67,232,42
75,203,62
67,135,47
70,170,37
71,180,74
66,170,32
70,170,38
70,162,36
70,150,57
67,140,22
71,190,58
74,160,50
66,140,25
72,145,41
71,185,80
71,210,52
71,165,19
72,190,32
66,160,40
68,162,67
67,138,58
66,185,37
75,183,29
74,190,34
68,170,57
74,210,34
70,240,38
74,175,67
72,225,67
71,315,47
69,145,43
71,200,40
70,200,30
71,160,84
67,151,77
72,225,22
74,185,54
68,235,59
75,245,37
68,405,32
71,165,42
73,250,47
68,160,29
70,186,25
75,320,29
69,195,39
75,191,18
69,220,71
72,200,42
69,167,42
70,230,48
71,195,25
72,200,57
66,200,41
68,195,62
72,172,55
67,206,77
68,185,75
70,130,55
63,135,47
71,225,39
72,155,55
71,187,24
66,145,43
71,250,78
70,192,41
72,170,29
70,150,34
70,225,28
72,120,41
72,240,41
70,198,76
73,190,39
70,155,78
75,256,47
76,218,81
69,175,41
73,175,83
72,320,33
68,195,53
71,180,53
63,150,80
72,185,48
70,170,28
70,162,83
66,170,46
70,175,20
68,175,63
70,200,56
72,195,47
71,180,41
70,190,23
68,155,44
74,235,69
64,150,44
69,155,55
69,245,51
66,160,33
72,172,84
72,210,68
67,145,71
71,145,76
70,192,53
70,148,49
67,190,60
71,167,64
72,130,29
74,205,48
69,175,19
75,175,20
67,135,63
70,225,25
68,220,58
70,200,50
67,147,37
67,165,31
71,180,34
72,208,43
73,210,27
72,170,25
71,160,75
71,170,21
76,170,21
66,155,77
69,138,91
73,260,53
74,210,61
66,127,25
69,160,50
68,180,67
73,185,54
76,170,18
66,165,33
73,164,68
67,185,59
69,225,41
76,290,29
69,185,64
67,130,88
74,190,42
71,205,77
66,290,29
66,130,33
72,205,22
73,185,21
72,185,36
68,161,76
66,200,63
73,245,38
69,171,73
71,190,64
69,170,28
68,185,76
73,180,21
67,185,33
65,150,27
70,188,44
73,190,46
62,110,30
72,200,37
70,160,30
68,150,25
69,362,46
74,340,62
70,198,77
75,185,57
69,145,35
72,210,38
71,190,27
69,190,52
64,86,85
67,185,36
65,165,69
69,142,34
74,165,20
74,230,52
72,200,80
69,204,65
71,180,42
77,228,36
75,250,42
73,210,23
66,145,22
72,207,40
70,200,31
72,270,30
70,195,36
72,170,49
69,170,37
70,210,43
74,215,58
71,210,38
70,160,42
70,198,29
69,195,44
74,280,28
76,175,19
73,236,39
69,190,53
70,180,80
62,150,40
72,208,49
74,205,23
69,212,45
71,180,72
72,195,34
76,235,31
65,164,71
68,270,37
75,265,40
68,165,23
76,200,45
73,150,18
67,198,23
68,195,34
63,150,38
66,215,27
71,230,51
72,240,29
70,250,38
75,200,37
72,195,34
72,200,18
74,270,55
71,210,32
67,220,28
72,210,46
73,185,53
76,205,23
71,160,60
72,150,18
71,145,29
70,190,37
69,245,69
66,140,33
64,200,43
71,223,49
66,140,66
73,210,20
65,144,55
66,145,31
70,190,42
68,195,30
71,179,50
72,180,29
73,200,84
74,160,45
73,240,42
68,158,39
74,180,26
73,290,30
70,235,40
69,210,72
68,175,35
67,142,66
72,205,24
74,205,25
67,200,41
68,150,28
68,250,31
73,250,24
72,220,29
68,185,36
68,157,78
68,160,32
70,180,25
71,175,54
72,200,28
73,190,33
73,220,59
71,180,58
72,170,23
72,275,45
68,132,52
72,172,37
74,200,25
68,195,31
71,170,27
67,135,33
67,220,19
70,155,47
72,210,18
69,155,37
75,180,21
69,175,51
70,190,48
73,190,40
68,200,38
72,190,39
72,184,71
69,210,66
72,240,69
72,206,26
72,250,43
72,230,50
66,200,48
70,175,63
66,150,45
66,165,33
74,200,39
73,240,32
73,200,22
72,265,32
67,179,38
69,165,57
72,160,27
70,175,59
73,143,19
72,190,31
70,200,44
69,160,54
72,218,54
72,160,59
69,205,30
72,193,34
73,160,21
75,145,75
69,200,19
69,248,62
64,180,30
64,165,48
66,148,28
73,175,28
73,193,65
71,198,22
72,210,50
70,200,52
69,184,32
71,160,18
66,130,53
71,165,38
67,200,59
73,210,66
68,140,21
65,160,38
66,190,50
72,200,21
74,200,32
73,155,22
65,135,21
72,210,46
67,155,28
71,200,37
70,200,29
77,270,37
69,145,43
70,152,23
66,178,77
69,215,30
72,220,50
65,180,48
78,230,26
69,180,65
70,202,28
71,160,33
73,235,30
75,275,37
69,240,23
72,185,29
72,200,72
65,122,18
72,200,81
68,195,80
73,174,26
70,195,46
69,140,28
67,145,28
68,220,59
71,200,41
71,165,61
66,175,47
71,148,67
72,190,41
72,228,26
71,205,22
71,135,23
66,140,22
71,180,63
78,260,24
71,220,44
71,235,44
70,147,68
67,160,68
73,198,52
74,205,24
69,170,44
71,170,34
72,208,18
70,150,36
71,150,25
70,170,48
70,215,24
72,185,41
69,197,58
74,210,23
67,160,39
72,200,29
70,170,41
73,210,38
69,227,27
72,180,23
67,200,42
70,150,22
70,184,43
68,162,49
68,165,39
78,240,31
71,210,45
70,175,37
66,178,33
68,220,25
68,170,24
68,210,51
69,195,32
70,180,72
70,175,35
71,150,20
72,170,40
73,180,38
71,185,21
66,152,25
71,205,43
73,165,24
69,185,63
74,212,51
70,210,51
69,170,52
75,204,45
65,125,18
65,180,55
77,290,37
73,185,62
72,160,19
70,185,48
70,175,42
71,119,53
69,150,37
69,165,28
71,200,40
75,205,33
67,180,27
72,190,67
68,130,23
72,180,48
72,170,35
69,168,44
73,200,26
67,150,86
73,180,50
74,220,36
72,168,58
69,180,50
66,150,34
71,180,20
68,165,34
74,220,64
65,195,63
73,235,54
71,220,42
68,150,30
67,160,20
68,190,20
70,185,30
68,210,49
69,170,57
67,165,29
71,210,46
72,200,56
69,178,45
69,194,51
65,225,30
69,160,35
69,155,62
70,170,22
71,175,31
68,192,34
72,188,35
70,170,76
74,195,60
67,185,64
69,182,19
66,150,28
76,215,31
74,200,69
73,190,47
68,195,63
66,170,53
74,240,54
75,200,19
72,210,28
68,160,42
67,155,43
71,170,37
74,240,57
71,160,23
73,145,21
65,195,58
74,180,55
70,190,57
71,163,43
66,210,35
69,175,19
72,195,64
72,150,40
70,295,44
69,224,38
74,215,42
76,225,48
72,190,37
72,195,21
72,200,55
72,140,32
68,200,58
73,240,42
72,165,37
72,155,39
66,195,78
75,260,49
71,165,37
72,212,72
70,143,80
71,260,61
67,180,69
71,185,50
70,200,70
69,245,70
70,150,69
69,168,46
72,185,39
75,295,32
66,180,35
68,150,62
70,190,54
76,225,45
65,214,37
74,212,40
68,210,38
66,165,27
74,200,18
74,180,21
69,200,44
72,185,32
70,155,23
65,195,47
72,195,52
70,175,50
73,167,60
71,160,51
68,164,77
66,200,77
71,230,53
71,212,34
76,165,54
70,175,35
68,210,48
72,185,43
70,250,65
72,235,27
67,150,37
68,156,78
72,190,60
71,170,27
64,143,73
70,250,55
67,185,37
71,175,40
74,230,18
72,160,25
70,170,25
72,175,37
69,150,68
67,170,62
73,206,36
72,201,43
71,230,66
71,195,47
68,195,80
68,180,49
73,205,40
67,160,41
65,150,33
64,210,48
66,250,40
70,230,62
74,175,23
71,175,42
74,260,30
68,165,29
70,200,44
76,280,39
70,158,57
72,250,50
76,204,27
74,240,29
73,185,43
72,240,38
72,209,46
70,215,38
70,160,27
65,140,45
67,190,49
69,170,48
69,210,76
71,176,76
68,160,21
69,180,24
73,170,43
66,150,44
72,200,24
70,170,21
75,250,21
70,175,42
70,165,32
74,240,46
66,130,18
71,190,33
72,185,52
68,180,65
71,215,25
72,185,42
66,120,79
71,180,30
73,240,35
69,255,40
72,180,43
69,190,28
70,380,52
66,180,68
73,185,18
71,173,53
69,165,73
69,190,50
71,186,71
67,138,31
66,170,79
72,275,60
66,195,39
69,160,44
73,220,31
78,242,42
68,190,59
68,145,26
72,180,51
65,165,82
67,168,49
70,170,33
72,215,41
64,150,36
70,215,43
68,180,47
78,250,33
71,168,75
70,205,29
70,157,82
66,230,55
71,174,42
71,185,39
74,210,26
68,160,41
66,180,24
69,200,41
66,142,54
70,155,31
76,220,28
74,185,29
72,220,47
72,165,30
73,190,23
74,180,38
74,215,42
70,197,48
71,185,18
78,149,22
66,155,64
71,220,73
66,210,70
66,140,42
72,240,46
68,140,45
71,185,21
67,165,51
68,165,33
68,186,40
66,134,46
75,195,45
69,180,31
67,145,46
69,152,34
74,190,39
75,215,45
72,190,52
70,215,57
70,205,28
74,270,54
72,190,58
72,165,41
68,165,35
71,165,57
68,150,22
70,165,50
71,150,40
69,272,53
70,184,48
72,185,68
69,152,56
60,140,54
66,125,49
70,210,37
72,197,80
68,280,60
69,165,33
63,115,23
73,270,35
69,185,54
75,217,48
70,185,43
71,178,50
68,160,20
70,145,21
70,160,53
70,165,41
68,170,46
71,180,39
69,160,38
67,210,62
72,235,48
67,185,40
72,220,78
73,215,71
72,230,65
73,185,25
66,200,44
67,154,52
69,172,47
71,185,58
72,258,44
69,205,32
70,192,51
73,200,26
70,230,66
71,140,23
72,190,24
73,174,84
71,175,77
67,182,52
66,165,44
70,170,47
69,150,46
78,215,21
67,140,42
76,270,29
68,165,42
69,225,28
70,170,35
72,180,23
67,170,30
74,200,38
66,150,31
67,203,50
68,180,33
73,216,18
75,212,35
68,180,32
73,165,42
69,128,53
70,160,18
70,185,26
70,165,18
74,185,19
73,220,58
70,130,56
64,180,48
71,250,36
74,160,42
76,175,27
72,292,41
73,178,47
65,141,61
72,225,48
70,200,50
68,175,35
67,140,49
68,145,74
70,166,65
71,172,66
71,340,47
68,160,47
70,200,55
69,135,31
68,155,52
73,170,25
70,180,28
72,185,21
70,215,36
72,168,60
71,185,78
66,160,64
70,173,50
69,148,50
73,162,30
71,210,47
73,196,29
67,160,22
69,170,26
72,210,26
63,280,59
66,168,75
70,170,49
68,210,20
75,214,45
72,245,26
68,185,35
70,195,49
69,190,44
70,175,65
68,145,39
72,200,48
70,180,44
69,187,42
69,262,53
72,170,69
67,145,27
73,235,36
68,170,49
70,240,53
65,180,67
71,193,38
70,134,79
66,180,21
69,165,41
73,240,68
71,150,32
67,198,38
72,175,48
68,230,50
68,200,38
64,184,60
67,130,27
70,170,74
72,190,41
68,170,78
68,160,36
67,155,22
69,150,45
71,175,26
67,165,32
72,178,62
70,168,73
71,218,58
66,160,44
72,350,53
70,140,27
69,160,35
74,265,59
65,160,71
68,175,27
71,160,34
73,185,69
67,170,23
75,170,64
72,225,28
68,165,43
72,250,46
70,160,38
74,190,24
65,179,78
70,235,43
73,177,26
70,168,59
74,310,32
71,245,57
75,250,20
72,240,22
72,315,50
70,155,19
71,195,45
68,172,41
69,220,26
67,155,28
75,175,25
73,225,24
68,160,76
71,190,36
75,250,35
67,180,34
74,210,48
66,140,49
71,170,44
74,230,19
72,220,45
66,320,36
73,200,51
66,152,24
70,150,27
66,170,35
66,155,52
70,215,37
69,170,78
77,280,29
72,215,55
68,155,21
67,225,44
64,124,30
74,140,25
72,380,53
71,165,59
68,205,58
72,185,45
72,205,27
69,160,75
67,171,24
71,158,20
71,150,31
73,190,41
70,160,23
74,190,36
73,218,41
70,190,25
67,165,23
71,200,58
67,135,30
72,200,74
73,211,49
72,250,70
70,180,80
72,150,74
70,174,25
72,160,45
68,160,27
73,275,45
67,215,28
72,190,44
69,173,53
71,165,37
69,145,84
72,180,50
72,230,56
93,179,31
71,180,20
73,170,32
69,140,34
75,180,19
71,196,91
75,195,31
68,165,23
68,207,42
73,238,61
73,215,42
75,220,25
70,179,32
67,220,33
71,186,52
71,210,52
71,220,62
70,195,64
77,248,36
68,180,19
70,200,49
77,220,74
65,140,44
69,200,52
69,170,25
70,205,32
65,187,41
65,160,38
73,200,44
71,220,21
72,160,44
73,185,32
66,290,53
68,170,19
71,190,47
69,150,18
73,165,59
71,190,55
67,145,25
71,300,61
71,175,27
68,145,58
74,240,71
71,155,39
70,150,37
72,215,41
74,190,50
68,170,55
70,196,68
70,237,71
71,155,21
69,210,51
70,190,37
70,170,48
64,170,64
74,220,73
72,150,29
72,190,46
72,175,38
72,195,50
73,185,41
69,175,18
74,225,61
67,230,69
74,300,22
66,170,35
70,155,45
74,185,37
67,241,50
70,186,60
70,195,69
69,160,84
68,137,62
72,155,19
76,225,30
68,185,49
73,265,27
67,140,65
70,168,24
69,180,78
67,195,25
70,195,47
68,180,78
67,165,20
72,200,30
66,175,53
76,250,51
70,165,34
73,270,49
72,170,69
72,220,66
71,200,43
71,178,41
71,190,26
70,160,19
69,175,52
71,205,35
64,150,66
70,200,43
70,174,63
69,171,25
70,150,76
69,190,27
75,210,38
67,163,59
75,215,41
72,160,63
71,193,50
66,160,41
69,145,49
74,325,45
72,199,43
69,152,21
72,170,70
72,190,64
68,160,46
73,190,68
72,165,40
73,190,63
68,194,50
72,153,27
73,285,41
66,165,20
73,160,33
71,180,45
74,195,50
69,170,54
70,145,21
69,150,35
70,165,38
68,200,18
72,175,23
66,145,78
71,190,32
72,185,23
71,300,42
71,170,53
66,170,71
71,146,23
70,200,43
68,130,33
74,260,36
67,170,49
69,190,34
71,185,46
70,174,80
72,200,65
75,215,50
66,150,56
71,185,53
65,215,45
71,300,54
70,180,31
71,195,40
66,263,35
73,194,27
71,220,39
66,150,29
73,300,43
73,160,25
65,190,62
73,180,68
74,235,28
73,260,35
73,210,31
66,185,45
72,170,79
71,190,27
71,260,38
79,275,38
74,230,57
68,185,71
76,260,32
72,200,32
75,190,46
73,190,35
71,240,53
74,205,22
69,110,21
71,180,33
67,217,37
68,158,81
72,155,29
72,180,43
73,175,36
70,185,21
70,185,26
65,170,31
73,220,50
71,180,63
72,165,46
71,200,55
70,215,20
73,175,21
71,110,35
69,180,34
67,150,21
71,183,38
69,185,45
74,170,52
73,285,28
68,175,58
70,182,52
64,160,61
73,197,36
72,186,48
70,180,47
71,205,54
69,190,49
73,181,54
71,220,68
69,150,49
71,155,63
72,175,80
68,160,32
74,225,33
70,145,46
72,190,42
73,185,38
68,175,73
74,195,34
70,180,52
72,200,26
73,235,33
73,250,37
68,145,35
68,165,36
74,225,40
72,220,64
67,170,34
64,110,31
73,185,52
71,192,39
67,185,46
71,190,45
69,175,25
75,215,82
75,140,18
73,135,18
67,165,34
68,195,60
72,252,60
73,205,35
72,210,39
74,215,34
72,285,39
71,171,64
70,235,34
66,145,65
72,195,35
68,180,65
70,140,20
65,149,77
73,170,41
69,207,35
68,194,35
76,210,72
72,212,62
70,210,67
73,125,24
68,147,48
64,78,65
70,160,25
72,172,74
70,205,39
68,150,32
69,250,42
69,173,73
66,130,23
71,200,67
71,200,30
70,205,54
69,182,35
71,287,39
72,220,65
72,325,48
70,175,52
67,140,79
67,175,27
70,210,44
71,170,29
73,250,48
66,145,74
67,236,59
69,140,21
67,170,39
70,175,38
67,155,21
69,190,64
72,190,53
68,180,49
66,165,39
73,170,36
68,190,48
71,230,47
68,160,20
72,167,72
68,145,40
68,180,41
73,250,57
74,205,20
69,180,60
76,240,52
76,295,52
73,190,51
67,160,50
76,213,27
67,145,30
67,148,71
65,180,71
73,190,38
70,190,43
66,170,35
67,172,63
75,230,26
72,195,54
69,165,59
76,240,73
72,205,27
75,285,31
67,287,43
69,160,30
72,235,38
70,230,37
69,175,52
74,210,65
71,180,71
74,190,37
74,175,20
75,200,42
74,265,50
71,160,77
69,204,54
69,215,30
75,210,33
72,230,53
67,165,32
80,197,51
67,150,28
70,175,45
70,235,58
73,180,25
68,208,34
76,200,39
70,240,36
74,200,47
77,235,31
74,210,42
72,199,48
69,132,30
70,205,31
64,155,43
68,170,50
67,190,49
69,160,31
72,190,35
71,160,22
72,250,56
69,120,57
68,162,54
66,205,35
71,175,51
69,175,29
70,135,33
66,185,40
70,178,67
73,225,52
68,175,40
74,150,21
73,182,30
73,212,73
68,200,66
71,280,38
69,170,46
68,190,58
72,184,39
72,190,20
71,195,28
77,237,47
65,155,66
73,180,79
70,260,43
77,200,55
72,155,42
68,210,51
72,245,55
75,150,23
65,140,35
68,170,28
71,155,26
72,260,40
68,145,22
65,155,39
72,200,50
72,212,58
71,150,18
73,197,46
69,170,18
68,160,20
65,140,47
72,165,37
70,195,43
66,145,22
66,145,44
68,166,58
72,188,47
71,147,23
69,205,66
70,163,21
70,185,50
68,195,70
75,180,29
69,200,46
70,170,40
70,160,77
74,225,24
69,160,67
67,165,34
71,175,43
68,210,22
72,205,46
80,200,33
70,220,54
67,155,56
70,224,42
69,195,52
67,175,49
69,206,72
73,187,44
73,165,20
76,185,20
71,218,64
73,220,67
67,160,39
72,225,27
73,195,44
65,145,44
71,187,61
68,195,35
70,180,37
72,190,27
75,290,48
70,210,35
71,180,29
69,190,33
68,155,35
67,174,59
77,220,63
71,190,28
66,155,42
69,180,55
69,157,35
69,150,26
68,175,48
71,210,40
67,165,40
69,193,87
71,225,48
73,220,53
68,148,42
71,150,36
73,220,53
76,210,27
72,190,50
67,210,65
70,210,58
70,200,26
69,200,21
73,200,51
70,145,71
71,185,55
67,170,58
70,215,42
72,205,41
72,188,67
72,205,41
70,210,54
71,165,25
76,170,22
70,230,44
63,160,28
74,205,27
72,175,55
70,189,34
70,183,75
71,220,67
71,140,19
71,160,52
66,136,58
69,170,45
69,175,40
71,175,32
70,205,62
69,165,83
69,172,20
67,167,80
66,160,23
76,240,24
71,216,25
66,210,45
66,175,41
75,250,47
71,200,26
71,184,76
74,195,30
79,181,27
71,136,26
77,220,37
75,240,64
73,183,45
69,260,35
65,140,62
72,270,42
72,160,78
70,175,62
74,180,28
73,133,51
74,190,59
70,195,50
69,160,51
64,155,62
69,170,74
72,230,44
66,180,55
62,135,51
69,225,34
68,168,70
70,235,39
72,190,23
71,200,28
72,186,60
69,175,39
72,170,26
72,165,60
70,165,27
73,205,40
73,249,18
72,175,26
72,200,35
68,190,65
73,250,28
66,163,41
70,165,69
64,180,55
69,165,37
65,185,39
75,250,41
72,190,25
69,180,53
71,192,25
71,268,55
69,200,25
69,187,61
75,215,72
68,180,28
71,208,71
73,187,60
70,172,85
67,240,51
66,133,70
68,140,52
70,160,21
70,165,28
72,280,57
71,170,64
70,210,53
67,150,64
68,152,33
72,160,89
68,160,31
74,250,40
73,210,62
71,195,50
71,240,41
72,155,22
72,225,47
63,145,74
67,167,60
69,275,67
72,175,82
66,145,26
67,155,53
68,169,30
75,250,48
73,200,38
70,155,35
71,248,63
72,265,61
70,180,37
66,145,30
70,190,48
68,125,33
69,236,40
66,190,35
72,255,33
68,185,46
70,210,63
75,280,52
68,150,55
70,180,68
70,225,46
73,200,65
71,160,53
72,155,20
84,260,40
70,185,55
66,143,68
70,150,31
69,175,28
74,190,33
68,160,71
76,265,41
67,184,33
72,210,52
72,250,51
67,165,68
66,210,77
69,170,48
71,230,45
72,252,62
71,150,23
69,200,52
69,135,21
69,175,41
73,250,69
70,200,67
72,170,24
69,230,59
74,188,40
71,170,54
71,250,18
74,295,59
71,185,48
74,190,30
75,150,37
72,205,47
66,180,41
71,220,52
70,205,43
69,215,54
74,185,44
70,175,31
69,195,77
70,237,78
70,150,74
70,190,87
68,165,35
70,163,21
67,170,78
71,190,22
67,190,35
71,170,34
72,180,22
68,200,25
75,192,39
72,160,21
74,240,41
76,200,29
70,212,47
71,172,73
71,160,31
74,200,38
72,220,35
70,145,26
69,215,67
72,195,60
70,230,22
70,165,56
69,175,70
75,205,23
66,158,67
67,185,50
74,210,43
77,310,40
71,170,30
68,169,64
72,235,62
75,195,22
73,170,21
74,203,22
71,260,63
71,245,58
70,152,34
71,220,53
67,140,38
68,170,46
72,170,45
70,177,64
72,185,51
71,200,58
71,155,23
75,235,64
72,140,29
75,168,46
70,190,74
70,150,40
70,192,34
73,300,42
71,190,32
71,170,47
69,235,53
73,192,47
74,260,49
71,165,51
68,165,59
72,230,72
70,190,44
71,162,72
69,185,26
72,190,36
66,155,63
67,160,26
75,195,50
72,188,66
72,255,24
72,180,37
72,185,42
74,210,60
73,210,51
67,160,23
65,156,52
68,183,72
71,180,78
73,180,43
69,180,55
67,195,46
72,190,27
74,175,42
76,235,52
78,270,72
70,165,21
73,220,49
70,185,33
66,125,49
73,240,57
71,180,51
79,230,37
73,180,29
71,175,56
68,175,23
72,215,47
76,188,32
70,190,30
75,175,34
70,175,33
72,180,48
72,222,43
74,235,43
67,146,22
71,180,43
73,190,51
68,165,60
73,350,48
72,225,37
72,190,20
72,190,57
71,219,49
71,175,41
72,215,55
72,150,79
70,200,29
76,215,56
70,180,19
74,200,62
66,150,54
68,170,50
71,175,21
72,197,76
74,190,29
68,195,35
70,205,37
69,185,37
75,240,25
73,170,49
68,172,44
69,190,61
68,195,31
67,155,28
69,160,28
61,180,58
74,185,39
72,280,53
70,200,70
73,206,35
71,225,22
71,140,23
71,210,60
70,172,68
70,210,25
74,220,73
66,165,63
73,235,31
73,178,42
71,155,45
68,158,35
72,200,71
72,205,30
69,150,44
73,170,74
71,165,25
73,180,34
70,200,45
67,135,33
71,210,19
70,205,57
74,197,58
72,175,24
71,205,46
70,215,33
72,220,28
71,220,39
72,160,57
72,178,45
68,160,31
76,230,64
70,170,68
71,148,82
69,175,52
71,185,39
67,170,42
74,210,35
67,170,64
69,162,65
72,240,57
68,145,28
65,120,36
74,172,38
71,135,35
69,320,39
71,172,65
67,150,30
65,147,58
72,175,42
70,190,40
74,195,20
75,200,43
65,156,52
68,145,59
70,228,37
72,150,26
70,175,30
71,170,47
71,180,37
71,235,69
71,185,57
68,190,45
73,163,57
62,165,46
69,185,36
73,195,24
70,215,32
67,170,52
66,135,55
67,140,28
77,235,27
64,150,76
77,260,34
70,189,20
73,265,46
66,152,25
76,360,56
67,180,42
68,150,36
68,162,48
71,190,43
70,260,55
71,147,18
71,215,34
74,205,35
72,236,39
68,155,85
70,163,36
70,152,53
71,135,50
72,175,52
71,165,43
70,180,52
69,155,43
68,180,58
70,198,74
65,155,40
71,165,65
65,200,29
68,120,48
69,160,56
71,180,49
75,235,42
72,155,24
67,148,23
73,210,55
72,165,32
74,170,37
72,200,37
73,145,40
70,215,21
71,148,24
66,151,30
68,180,60
69,190,59
70,190,65
71,180,29
74,350,19
72,200,52
66,140,94
72,195,38
72,180,72
75,235,35
71,190,19
76,168,49
72,250,32
68,216,18
75,295,53
71,185,67
73,300,42
69,170,27
69,255,49
72,260,21
75,190,43
67,160,29
70,240,59
71,188,62
63,140,36
79,370,25
71,260,64
70,190,41
65,180,42
67,218,68
69,210,32
67,185,79
70,150,71
71,145,35
68,170,28
73,184,19
71,192,41
72,185,42
71,240,61
71,178,51
75,313,42
73,180,54
69,195,64
77,235,31
72,300,40
70,165,35
68,228,71
74,195,24
71,177,84
67,210,39
72,180,46
68,160,37
76,190,48
73,170,44
71,185,27
69,190,53
71,255,65
69,220,72
71,200,77
71,165,51
73,246,35
67,150,49
67,265,31
69,179,64
74,165,18
72,180,51
70,198,71
69,163,62
73,280,60
68,145,43
69,142,61
68,165,22
71,230,62
76,300,44
75,200,49
73,210,24
70,168,42
72,190,30
75,230,27
75,175,32
73,200,31
70,160,49
72,212,45
68,160,22
72,225,27
71,210,37
70,197,32
69,173,43
69,250,46
67,135,43
72,216,72
70,160,74
72,200,40
73,185,22
70,180,37
72,200,43
71,245,33
72,185,56
75,180,26
70,165,51
67,151,62
71,200,61
75,220,53
70,145,37
71,206,67
64,235,61
75,173,18
63,160,24
71,195,29
73,257,35
64,160,49
73,300,42
71,185,56
76,215,73
74,180,26
74,200,28
68,175,45
72,180,23
70,160,82
71,235,71
69,164,36
69,210,28
70,208,54
71,160,29
66,170,22
71,165,22
72,170,50
65,150,27
75,180,63
72,200,33
69,160,39
65,140,33
72,165,71
73,240,40
72,195,39
69,170,55
70,210,25
74,200,37
67,180,44
73,138,31
68,180,29
75,270,36
67,177,57
72,180,24
70,210,58
66,150,51
70,196,48
72,225,28
71,190,47
72,168,73
73,200,35
69,200,41
70,190,39
66,187,46
66,156,54
70,127,80
73,230,47
66,135,50
66,195,26
74,185,21
73,230,73
74,145,51
73,160,20
71,245,56
73,195,21
72,170,21
70,157,46
68,219,67
68,165,23
72,179,18
70,190,31
68,180,80
72,200,24
73,195,28
69,182,30
75,202,70
68,150,26
71,168,21
72,170,18
73,310,23
69,160,85
68,165,70
67,170,73
71,185,25
70,190,57
69,185,37
73,158,38
72,200,18
74,250,53
70,203,31
71,195,21
72,150,28
71,170,60
69,190,71
74,180,25
69,190,34
70,140,20
69,168,66
70,185,43
68,160,53
67,165,82
69,150,20
71,185,58
66,150,38
68,190,30
70,235,53
68,145,25
75,260,27
77,220,24
68,140,25
63,182,28
70,210,51
71,180,44
72,165,23
70,195,39
68,170,80
74,205,75
67,165,77
73,180,35
68,145,53
72,165,28
73,168,19
65,230,45
64,135,39
69,265,28
75,195,36
74,210,40
71,190,41
69,180,57
72,200,40
74,230,53
73,230,38
71,195,43
72,210,52
71,180,36
69,224,73
73,200,35
69,170,83
